POLICYID,POLICY_LAPSE
1000001,0
1000002,0
1000003,0
1000004,0
1000005,0
1000006,0
1000007,1
1000008,0
1000009,0
1000010,0
1000011,1
1000012,0
1000013,0
1000014,1
1000015,0
1000016,0
1000017,0
1000018,0
1000019,0
1000020,0
1000021,0
1000022,0
1000023,0
1000024,0
1000025,0
1000026,0
1000027,0
1000028,0
1000029,1
1000030,0
1000031,0
1000032,0
1000033,1
1000034,0
1000035,0
1000036,1
1000037,1
1000038,0
1000039,0
1000040,0
1000041,0
1000042,1
1000043,0
1000044,0
1000045,0
1000046,0
1000047,0
1000048,0
1000049,0
1000050,0
1000051,0
1000052,0
1000053,0
1000054,1
1000055,0
1000056,0
1000057,1
1000058,0
1000059,0
1000060,0
1000061,1
1000062,0
1000063,0
1000064,0
1000065,0
1000066,0
1000067,0
1000068,0
1000069,0
1000070,0
1000071,0
1000072,0
1000073,0
1000074,0
1000075,0
1000076,0
1000077,0
1000078,0
1000079,0
1000080,0
1000081,0
1000082,0
1000083,0
1000084,0
1000085,0
1000086,0
1000087,0
1000088,0
1000089,0
1000090,0
1000091,0
1000092,1
1000093,0
1000094,0
1000095,1
1000096,0
1000097,0
1000098,1
1000099,0
1000100,0
1000101,0
1000102,1
1000103,0
1000104,0
1000105,1
1000106,1
1000107,1
1000108,0
1000109,0
1000110,0
1000111,1
1000112,0
1000113,1
1000114,0
1000115,0
1000116,0
1000117,0
1000118,1
1000119,0
1000120,0
1000121,0
1000122,0
1000123,0
1000124,0
1000125,0
1000126,1
1000127,0
1000128,1
1000129,0
1000130,0
1000131,0
1000132,0
1000133,0
1000134,0
1000135,0
1000136,1
1000137,0
1000138,0
1000139,0
1000140,0
1000141,1
1000142,1
1000143,0
1000144,0
1000145,0
1000146,0
1000147,0
1000148,0
1000149,0
1000150,0
1000151,1
1000152,0
1000153,0
1000154,0
1000155,0
1000156,0
1000157,0
1000158,0
1000159,0
1000160,0
1000161,0
1000162,0
1000163,0
1000164,1
1000165,0
1000166,0
1000167,0
1000168,0
1000169,1
1000170,0
1000171,0
1000172,0
1000173,0
1000174,0
1000175,1
1000176,0
1000177,0
1000178,1
1000179,0
1000180,0
1000181,0
1000182,0
1000183,0
1000184,0
1000185,0
1000186,1
1000187,1
1000188,0
1000189,0
1000190,0
1000191,0
1000192,0
1000193,1
1000194,0
1000195,0
1000196,0
1000197,0
1000198,0
1000199,0
1000200,0
1000201,0
1000202,1
1000203,0
1000204,0
1000205,0
1000206,0
1000207,0
1000208,1
1000209,0
1000210,0
1000211,0
1000212,1
1000213,0
1000214,0
1000215,0
1000216,0
1000217,0
1000218,0
1000219,0
1000220,0
1000221,0
1000222,1
1000223,0
1000224,0
1000225,0
1000226,1
1000227,0
1000228,0
1000229,0
1000230,0
1000231,0
1000232,1
1000233,0
1000234,0
1000235,0
1000236,0
1000237,0
1000238,0
1000239,0
1000240,0
1000241,0
1000242,0
1000243,1
1000244,0
1000245,0
1000246,0
1000247,0
1000248,0
1000249,0
1000250,0
1000251,0
1000252,0
1000253,1
1000254,0
1000255,0
1000256,0
1000257,0
1000258,1
1000259,0
1000260,0
1000261,0
1000262,0
1000263,0
1000264,1
1000265,0
1000266,0
1000267,0
1000268,0
1000269,0
1000270,0
1000271,0
1000272,1
1000273,0
1000274,0
1000275,0
1000276,0
1000277,0
1000278,0
1000279,0
1000280,0
1000281,0
1000282,0
1000283,0
1000284,0
1000285,0
1000286,0
1000287,0
1000288,0
1000289,0
1000290,0
1000291,0
1000292,0
1000293,0
1000294,0
1000295,0
1000296,0
1000297,1
1000298,1
1000299,0
1000300,0
1000301,0
1000302,0
1000303,0
1000304,0
1000305,0
1000306,0
1000307,0
1000308,0
1000309,0
1000310,0
1000311,1
1000312,0
1000313,0
1000314,0
1000315,0
1000316,0
1000317,0
1000318,0
1000319,0
1000320,0
1000321,0
1000322,0
1000323,0
1000324,0
1000325,0
1000326,0
1000327,0
1000328,0
1000329,0
1000330,0
1000331,1
1000332,0
1000333,1
1000334,1
1000335,0
1000336,0
1000337,1
1000338,0
1000339,0
1000340,0
1000341,1
1000342,0
1000343,0
1000344,0
1000345,1
1000346,0
1000347,0
1000348,0
1000349,1
1000350,0
1000351,0
1000352,0
1000353,0
1000354,1
1000355,0
1000356,1
1000357,0
1000358,0
1000359,0
1000360,0
1000361,0
1000362,1
1000363,0
1000364,0
1000365,0
1000366,0
1000367,0
1000368,0
1000369,0
1000370,0
1000371,0
1000372,0
1000373,0
1000374,0
1000375,0
1000376,1
1000377,0
1000378,0
1000379,0
1000380,0
1000381,0
1000382,0
1000383,0
1000384,0
1000385,0
1000386,0
1000387,1
1000388,0
1000389,0
1000390,0
1000391,0
1000392,0
1000393,0
1000394,0
1000395,0
1000396,0
1000397,0
1000398,0
1000399,0
1000400,0
1000401,0
1000402,0
1000403,0
1000404,0
1000405,0
1000406,0
1000407,0
1000408,0
1000409,0
1000410,0
1000411,0
1000412,0
1000413,0
1000414,0
1000415,0
1000416,0
1000417,0
1000418,1
1000419,0
1000420,0
1000421,0
1000422,0
1000423,0
1000424,0
1000425,1
1000426,1
1000427,0
1000428,0
1000429,0
1000430,0
1000431,0
1000432,0
1000433,0
1000434,0
1000435,0
1000436,0
1000437,0
1000438,0
1000439,0
1000440,0
1000441,0
1000442,1
1000443,0
1000444,0
1000445,0
1000446,0
1000447,0
1000448,0
1000449,1
1000450,0
1000451,1
1000452,0
1000453,0
1000454,0
1000455,0
1000456,0
1000457,0
1000458,0
1000459,0
1000460,0
1000461,0
1000462,0
1000463,0
1000464,0
1000465,0
1000466,0
1000467,1
1000468,0
1000469,0
1000470,0
1000471,0
1000472,0
1000473,0
1000474,0
1000475,0
1000476,0
1000477,0
1000478,0
1000479,0
1000480,0
1000481,0
1000482,0
1000483,0
1000484,0
1000485,0
1000486,0
1000487,0
1000488,0
1000489,0
1000490,0
1000491,0
1000492,0
1000493,0
1000494,0
1000495,0
1000496,0
1000497,0
1000498,0
1000499,0
1000500,0
1000501,0
1000502,0
1000503,0
1000504,0
1000505,0
1000506,0
1000507,0
1000508,0
1000509,0
1000510,0
1000511,0
1000512,0
1000513,0
1000514,0
1000515,0
1000516,0
1000517,0
1000518,0
1000519,0
1000520,0
1000521,0
1000522,0
1000523,1
1000524,0
1000525,0
1000526,0
1000527,1
1000528,0
1000529,0
1000530,0
1000531,0
1000532,0
1000533,0
1000534,0
1000535,1
1000536,0
1000537,0
1000538,1
1000539,0
1000540,0
1000541,1
1000542,0
1000543,0
1000544,0
1000545,0
1000546,0
1000547,0
1000548,0
1000549,0
1000550,0
1000551,0
1000552,0
1000553,0
1000554,1
1000555,0
1000556,0
1000557,0
1000558,0
1000559,0
1000560,0
1000561,0
1000562,0
1000563,0
1000564,0
1000565,0
1000566,0
1000567,0
1000568,1
1000569,0
1000570,0
1000571,0
1000572,0
1000573,0
1000574,0
1000575,0
1000576,0
1000577,1
1000578,0
1000579,0
1000580,0
1000581,0
1000582,0
1000583,1
1000584,0
1000585,0
1000586,0
1000587,0
1000588,0
1000589,0
1000590,0
1000591,0
1000592,0
1000593,0
1000594,0
1000595,0
1000596,0
1000597,0
1000598,0
1000599,0
1000600,0
1000601,0
1000602,0
1000603,0
1000604,0
1000605,0
1000606,0
1000607,0
1000608,0
1000609,0
1000610,0
1000611,1
1000612,0
1000613,0
1000614,0
1000615,0
1000616,0
1000617,0
1000618,0
1000619,0
1000620,1
1000621,0
1000622,0
1000623,0
1000624,0
1000625,0
1000626,0
1000627,0
1000628,0
1000629,0
1000630,0
1000631,0
1000632,1
1000633,0
1000634,0
1000635,0
1000636,0
1000637,0
1000638,0
1000639,0
1000640,1
1000641,1
1000642,0
1000643,0
1000644,0
1000645,0
1000646,0
1000647,0
1000648,0
1000649,0
1000650,0
1000651,0
1000652,0
1000653,0
1000654,0
1000655,0
1000656,0
1000657,0
1000658,0
1000659,0
1000660,0
1000661,0
1000662,0
1000663,0
1000664,0
1000665,0
1000666,0
1000667,0
1000668,0
1000669,0
1000670,0
1000671,0
1000672,0
1000673,0
1000674,0
1000675,0
1000676,0
1000677,0
1000678,0
1000679,0
1000680,0
1000681,0
1000682,1
1000683,0
1000684,0
1000685,0
1000686,0
1000687,0
1000688,0
1000689,0
1000690,0
1000691,0
1000692,0
1000693,0
1000694,0
1000695,0
1000696,0
1000697,1
1000698,0
1000699,0
1000700,0
1000701,0
1000702,0
1000703,0
1000704,0
1000705,0
1000706,0
1000707,0
1000708,0
1000709,0
1000710,0
1000711,1
1000712,1
1000713,0
1000714,1
1000715,1
1000716,1
1000717,0
1000718,0
1000719,0
1000720,0
1000721,0
1000722,0
1000723,0
1000724,0
1000725,0
1000726,0
1000727,0
1000728,0
1000729,0
1000730,0
1000731,0
1000732,0
1000733,0
1000734,0
1000735,0
1000736,0
1000737,0
1000738,1
1000739,0
1000740,0
1000741,0
1000742,0
1000743,0
1000744,1
1000745,0
1000746,0
1000747,0
1000748,0
1000749,0
1000750,0
1000751,1
1000752,1
1000753,0
1000754,0
1000755,0
1000756,0
1000757,0
1000758,0
1000759,1
1000760,0
1000761,0
1000762,0
1000763,0
1000764,0
1000765,0
1000766,0
1000767,0
1000768,0
1000769,0
1000770,0
1000771,1
1000772,0
1000773,0
1000774,1
1000775,1
1000776,0
1000777,0
1000778,0
1000779,0
1000780,0
1000781,0
1000782,0
1000783,1
1000784,0
1000785,0
1000786,0
1000787,0
1000788,0
1000789,0
1000790,0
1000791,1
1000792,1
1000793,0
1000794,0
1000795,0
1000796,0
1000797,0
1000798,0
1000799,0
1000800,0
1000801,0
1000802,0
1000803,1
1000804,0
1000805,0
1000806,1
1000807,0
1000808,0
1000809,0
1000810,0
1000811,0
1000812,0
1000813,1
1000814,0
1000815,1
1000816,0
1000817,0
1000818,0
1000819,0
1000820,0
1000821,0
1000822,0
1000823,0
1000824,1
1000825,0
1000826,0
1000827,1
1000828,0
1000829,0
1000830,0
1000831,0
1000832,0
1000833,0
1000834,0
1000835,0
1000836,0
1000837,0
1000838,0
1000839,0
1000840,0
1000841,1
1000842,1
1000843,0
1000844,1
1000845,0
1000846,0
1000847,0
1000848,0
1000849,0
1000850,0
1000851,0
1000852,0
1000853,0
1000854,0
1000855,0
1000856,0
1000857,0
1000858,0
1000859,0
1000860,0
1000861,0
1000862,0
1000863,1
1000864,0
1000865,1
1000866,0
1000867,0
1000868,0
1000869,1
1000870,0
1000871,0
1000872,0
1000873,1
1000874,1
1000875,0
1000876,0
1000877,0
1000878,1
1000879,0
1000880,0
1000881,1
1000882,0
1000883,0
1000884,0
1000885,0
1000886,0
1000887,0
1000888,0
1000889,0
1000890,1
1000891,0
1000892,0
1000893,0
1000894,0
1000895,0
1000896,0
1000897,1
1000898,0
1000899,0
1000900,0
1000901,0
1000902,0
1000903,0
1000904,0
1000905,1
1000906,0
1000907,0
1000908,1
1000909,0
1000910,0
1000911,0
1000912,0
1000913,0
1000914,0
1000915,0
1000916,0
1000917,0
1000918,0
1000919,1
1000920,0
1000921,0
1000922,1
1000923,1
1000924,0
1000925,0
1000926,0
1000927,0
1000928,1
1000929,0
1000930,0
1000931,1
1000932,0
1000933,0
1000934,0
1000935,0
1000936,0
1000937,0
1000938,0
1000939,1
1000940,0
1000941,1
1000942,0
1000943,0
1000944,0
1000945,0
1000946,0
1000947,0
1000948,1
1000949,0
1000950,0
1000951,0
1000952,0
1000953,0
1000954,0
1000955,0
1000956,0
1000957,0
1000958,0
1000959,0
1000960,0
1000961,0
1000962,0
1000963,0
1000964,0
1000965,0
1000966,0
1000967,0
1000968,1
1000969,0
1000970,0
1000971,0
1000972,0
1000973,0
1000974,0
1000975,1
1000976,0
1000977,0
1000978,0
1000979,1
1000980,0
1000981,0
1000982,0
1000983,0
1000984,0
1000985,0
1000986,0
1000987,0
1000988,1
1000989,0
1000990,0
1000991,0
1000992,0
1000993,0
1000994,0
1000995,0
1000996,0
1000997,0
1000998,0
1000999,0
1001000,1
1001001,0
1001002,0
1001003,0
1001004,0
1001005,0
1001006,0
1001007,0
1001008,0
1001009,0
1001010,0
1001011,0
1001012,0
1001013,0
1001014,0
1001015,0
1001016,0
1001017,0
1001018,0
1001019,0
1001020,0
1001021,0
1001022,0
1001023,0
1001024,0
1001025,0
1001026,0
1001027,0
1001028,0
1001029,1
1001030,0
1001031,0
1001032,0
1001033,0
1001034,0
1001035,0
1001036,0
1001037,0
1001038,0
1001039,0
1001040,0
1001041,0
1001042,0
1001043,0
1001044,0
1001045,0
1001046,0
1001047,0
1001048,1
1001049,0
1001050,0
1001051,0
1001052,0
1001053,0
1001054,0
1001055,0
1001056,0
1001057,0
1001058,0
1001059,0
1001060,1
1001061,0
1001062,0
1001063,0
1001064,0
1001065,0
1001066,0
1001067,0
1001068,0
1001069,0
1001070,0
1001071,0
1001072,1
1001073,1
1001074,0
1001075,0
1001076,0
1001077,0
1001078,0
1001079,0
1001080,0
1001081,0
1001082,0
1001083,0
1001084,0
1001085,0
1001086,1
1001087,0
1001088,0
1001089,0
1001090,0
1001091,1
1001092,0
1001093,0
1001094,0
1001095,0
1001096,0
1001097,0
1001098,0
1001099,0
1001100,1
1001101,0
1001102,1
1001103,0
1001104,1
1001105,0
1001106,0
1001107,0
1001108,0
1001109,0
1001110,1
1001111,0
1001112,0
1001113,0
1001114,0
1001115,1
1001116,0
1001117,0
1001118,0
1001119,0
1001120,0
1001121,0
1001122,0
1001123,0
1001124,0
1001125,1
1001126,0
1001127,1
1001128,0
1001129,0
1001130,0
1001131,0
1001132,0
1001133,0
1001134,1
1001135,0
1001136,0
1001137,0
1001138,0
1001139,0
1001140,1
1001141,0
1001142,1
1001143,0
1001144,0
1001145,0
1001146,0
1001147,1
1001148,0
1001149,1
1001150,0
1001151,0
1001152,0
1001153,0
1001154,0
1001155,0
1001156,0
1001157,0
1001158,1
1001159,0
1001160,0
1001161,0
1001162,0
1001163,1
1001164,0
1001165,0
1001166,0
1001167,1
1001168,0
1001169,0
1001170,1
1001171,0
1001172,1
1001173,0
1001174,0
1001175,0
1001176,0
1001177,1
1001178,0
1001179,0
1001180,1
1001181,0
1001182,0
1001183,0
1001184,1
1001185,1
1001186,0
1001187,0
1001188,0
1001189,0
1001190,0
1001191,0
1001192,0
1001193,0
1001194,0
1001195,0
1001196,0
1001197,0
1001198,0
1001199,0
1001200,0
1001201,0
1001202,0
1001203,0
1001204,0
1001205,0
1001206,0
1001207,0
1001208,0
1001209,0
1001210,0
1001211,0
1001212,0
1001213,0
1001214,0
1001215,0
1001216,0
1001217,0
1001218,0
1001219,0
1001220,0
1001221,1
1001222,0
1001223,0
1001224,1
1001225,1
1001226,0
1001227,1
1001228,0
1001229,0
1001230,0
1001231,0
1001232,0
1001233,0
1001234,0
1001235,1
1001236,0
1001237,0
1001238,0
1001239,0
1001240,0
1001241,0
1001242,0
1001243,0
1001244,0
1001245,0
1001246,1
1001247,1
1001248,0
1001249,0
1001250,0
1001251,1
1001252,0
1001253,0
1001254,0
1001255,0
1001256,1
1001257,0
1001258,0
1001259,1
1001260,0
1001261,0
1001262,1
1001263,0
1001264,0
1001265,1
1001266,0
1001267,0
1001268,0
1001269,0
1001270,0
1001271,0
1001272,1
1001273,0
1001274,0
1001275,0
1001276,1
1001277,0
1001278,0
1001279,0
1001280,0
1001281,0
1001282,0
1001283,0
1001284,0
1001285,0
1001286,0
1001287,0
1001288,0
1001289,0
1001290,1
1001291,0
1001292,0
1001293,0
1001294,0
1001295,0
1001296,0
1001297,0
1001298,0
1001299,0
1001300,0
1001301,0
1001302,0
1001303,0
1001304,1
1001305,0
1001306,0
1001307,0
1001308,0
1001309,0
1001310,0
1001311,0
1001312,0
1001313,0
1001314,0
1001315,0
1001316,0
1001317,0
1001318,0
1001319,0
1001320,1
1001321,0
1001322,0
1001323,0
1001324,0
1001325,0
1001326,0
1001327,0
1001328,0
1001329,0
1001330,0
1001331,0
1001332,0
1001333,0
1001334,0
1001335,0
1001336,0
1001337,0
1001338,0
1001339,0
1001340,0
1001341,0
1001342,0
1001343,0
1001344,1
1001345,0
1001346,0
1001347,0
1001348,1
1001349,0
1001350,1
1001351,0
1001352,0
1001353,1
1001354,0
1001355,0
1001356,0
1001357,0
1001358,1
1001359,0
1001360,0
1001361,0
1001362,0
1001363,0
1001364,0
1001365,0
1001366,0
1001367,0
1001368,0
1001369,1
1001370,0
1001371,0
1001372,0
1001373,0
1001374,0
1001375,1
1001376,0
1001377,0
1001378,0
1001379,1
1001380,0
1001381,1
1001382,0
1001383,0
1001384,0
1001385,1
1001386,0
1001387,0
1001388,0
1001389,1
1001390,1
1001391,0
1001392,1
1001393,0
1001394,0
1001395,0
1001396,1
1001397,0
1001398,0
1001399,0
1001400,0
1001401,0
1001402,1
1001403,1
1001404,0
1001405,0
1001406,0
1001407,0
1001408,0
1001409,0
1001410,0
1001411,0
1001412,1
1001413,0
1001414,1
1001415,0
1001416,0
1001417,0
1001418,0
1001419,1
1001420,0
1001421,0
1001422,1
1001423,1
1001424,0
1001425,0
1001426,0
1001427,0
1001428,0
1001429,0
1001430,1
1001431,0
1001432,1
1001433,1
1001434,0
1001435,0
1001436,1
1001437,0
1001438,0
1001439,0
1001440,0
1001441,1
1001442,0
1001443,0
1001444,0
1001445,0
1001446,0
1001447,0
1001448,0
1001449,0
1001450,0
1001451,0
1001452,1
1001453,1
1001454,0
1001455,0
1001456,0
1001457,0
1001458,0
1001459,0
1001460,0
1001461,0
1001462,0
1001463,0
1001464,0
1001465,0
1001466,1
1001467,0
1001468,0
1001469,0
1001470,0
1001471,0
1001472,0
1001473,0
1001474,0
1001475,0
1001476,0
1001477,0
1001478,0
1001479,0
1001480,0
1001481,0
1001482,0
1001483,0
1001484,0
1001485,0
1001486,0
1001487,0
1001488,0
1001489,0
1001490,0
1001491,0
1001492,0
1001493,1
1001494,0
1001495,0
1001496,0
1001497,0
1001498,0
1001499,1
1001500,0
1001501,0
1001502,0
1001503,0
1001504,0
1001505,0
1001506,0
1001507,0
1001508,0
1001509,0
1001510,0
1001511,0
1001512,0
1001513,0
1001514,0
1001515,0
1001516,0
1001517,1
1001518,0
1001519,0
1001520,1
1001521,0
1001522,0
1001523,0
1001524,0
1001525,0
1001526,0
1001527,0
1001528,0
1001529,0
1001530,0
1001531,0
1001532,0
1001533,0
1001534,0
1001535,1
1001536,0
1001537,0
1001538,0
1001539,0
1001540,0
1001541,0
1001542,0
1001543,0
1001544,0
1001545,0
1001546,1
1001547,0
1001548,0
1001549,1
1001550,0
1001551,0
1001552,0
1001553,0
1001554,0
1001555,0
1001556,0
1001557,0
1001558,0
1001559,0
1001560,1
1001561,0
1001562,0
1001563,0
1001564,0
1001565,0
1001566,1
1001567,0
1001568,0
1001569,0
1001570,0
1001571,0
1001572,0
1001573,0
1001574,0
1001575,0
1001576,0
1001577,0
1001578,0
1001579,0
1001580,0
1001581,0
1001582,0
1001583,0
1001584,0
1001585,1
1001586,0
1001587,0
1001588,1
1001589,0
1001590,0
1001591,0
1001592,0
1001593,0
1001594,0
1001595,0
1001596,0
1001597,0
1001598,0
1001599,0
1001600,1
1001601,0
1001602,0
1001603,0
1001604,0
1001605,0
1001606,0
1001607,0
1001608,0
1001609,0
1001610,1
1001611,0
1001612,0
1001613,0
1001614,0
1001615,0
1001616,0
1001617,0
1001618,0
1001619,0
1001620,0
1001621,1
1001622,0
1001623,0
1001624,0
1001625,0
1001626,0
1001627,0
1001628,0
1001629,1
1001630,0
1001631,0
1001632,0
1001633,0
1001634,0
1001635,0
1001636,0
1001637,0
1001638,0
1001639,0
1001640,0
1001641,0
1001642,0
1001643,0
1001644,0
1001645,0
1001646,0
1001647,0
1001648,0
1001649,0
1001650,0
1001651,0
1001652,0
1001653,0
1001654,0
1001655,0
1001656,0
1001657,1
1001658,0
1001659,0
1001660,0
1001661,0
1001662,0
1001663,0
1001664,0
1001665,1
1001666,0
1001667,1
1001668,0
1001669,0
1001670,0
1001671,0
1001672,0
1001673,0
1001674,0
1001675,0
1001676,0
1001677,1
1001678,0
1001679,0
1001680,0
1001681,0
1001682,0
1001683,1
1001684,1
1001685,0
1001686,0
1001687,1
1001688,0
1001689,0
1001690,0
1001691,0
1001692,0
1001693,0
1001694,0
1001695,0
1001696,0
1001697,0
1001698,0
1001699,0
1001700,0
1001701,0
1001702,1
1001703,0
1001704,0
1001705,0
1001706,0
1001707,0
1001708,0
1001709,0
1001710,1
1001711,0
1001712,0
1001713,0
1001714,0
1001715,0
1001716,0
1001717,0
1001718,0
1001719,0
1001720,1
1001721,0
1001722,0
1001723,0
1001724,0
1001725,0
1001726,0
1001727,0
1001728,0
1001729,0
1001730,0
1001731,0
1001732,0
1001733,1
1001734,0
1001735,0
1001736,1
1001737,0
1001738,0
1001739,0
1001740,0
1001741,1
1001742,0
1001743,0
1001744,0
1001745,0
1001746,0
1001747,0
1001748,0
1001749,0
1001750,0
1001751,0
1001752,1
1001753,1
1001754,0
1001755,0
1001756,0
1001757,0
1001758,0
1001759,1
1001760,0
1001761,0
1001762,0
1001763,0
1001764,0
1001765,0
1001766,0
1001767,1
1001768,1
1001769,1
1001770,0
1001771,0
1001772,0
1001773,0
1001774,0
1001775,0
1001776,0
1001777,0
1001778,0
1001779,0
1001780,0
1001781,1
1001782,0
1001783,1
1001784,0
1001785,0
1001786,0
1001787,0
1001788,0
1001789,0
1001790,0
1001791,0
1001792,0
1001793,0
1001794,0
1001795,0
1001796,0
1001797,0
1001798,0
1001799,0
1001800,1
1001801,0
1001802,0
1001803,0
1001804,0
1001805,0
1001806,0
1001807,1
1001808,0
1001809,0
1001810,0
1001811,0
1001812,1
1001813,0
1001814,0
1001815,0
1001816,0
1001817,0
1001818,0
1001819,0
1001820,0
1001821,0
1001822,0
1001823,0
1001824,0
1001825,0
1001826,0
1001827,0
1001828,0
1001829,0
1001830,0
1001831,0
1001832,0
1001833,0
1001834,0
1001835,0
1001836,0
1001837,0
1001838,0
1001839,0
1001840,0
1001841,0
1001842,0
1001843,0
1001844,0
1001845,0
1001846,0
1001847,0
1001848,1
1001849,0
1001850,0
1001851,0
1001852,0
1001853,0
1001854,0
1001855,0
1001856,0
1001857,1
1001858,1
1001859,0
1001860,0
1001861,0
1001862,0
1001863,0
1001864,0
1001865,0
1001866,0
1001867,0
1001868,1
1001869,0
1001870,0
1001871,0
1001872,0
1001873,0
1001874,0
1001875,0
1001876,0
1001877,0
1001878,1
1001879,0
1001880,0
1001881,0
1001882,0
1001883,0
1001884,1
1001885,0
1001886,0
1001887,0
1001888,0
1001889,0
1001890,0
1001891,0
1001892,0
1001893,0
1001894,0
1001895,0
1001896,0
1001897,0
1001898,0
1001899,0
1001900,1
1001901,0
1001902,0
1001903,0
1001904,0
1001905,0
1001906,0
1001907,0
1001908,0
1001909,0
1001910,0
1001911,0
1001912,0
1001913,0
1001914,0
1001915,1
1001916,0
1001917,1
1001918,0
1001919,0
1001920,0
1001921,0
1001922,0
1001923,0
1001924,1
1001925,0
1001926,0
1001927,0
1001928,0
1001929,0
1001930,0
1001931,1
1001932,0
1001933,0
1001934,0
1001935,0
1001936,0
1001937,0
1001938,0
1001939,1
1001940,0
1001941,0
1001942,0
1001943,0
1001944,0
1001945,0
1001946,0
1001947,0
1001948,0
1001949,0
1001950,0
1001951,0
1001952,0
1001953,0
1001954,0
1001955,0
1001956,0
1001957,0
1001958,0
1001959,0
1001960,1
1001961,0
1001962,0
1001963,1
1001964,0
1001965,1
1001966,0
1001967,0
1001968,0
1001969,0
1001970,0
1001971,0
1001972,0
1001973,0
1001974,0
1001975,0
1001976,0
1001977,0
1001978,0
1001979,0
1001980,0
1001981,0
1001982,0
1001983,0
1001984,0
1001985,1
1001986,0
1001987,1
1001988,0
1001989,0
1001990,0
1001991,0
1001992,0
1001993,0
1001994,0
1001995,0
1001996,0
1001997,1
1001998,0
1001999,0
1002000,0
1002001,0
1002002,0
1002003,0
1002004,1
1002005,0
1002006,0
1002007,0
1002008,0
1002009,0
1002010,1
1002011,0
1002012,0
1002013,0
1002014,0
1002015,0
1002016,1
1002017,0
1002018,1
1002019,0
1002020,0
1002021,1
1002022,0
1002023,0
1002024,0
1002025,0
1002026,0
1002027,0
1002028,0
1002029,0
1002030,0
1002031,1
1002032,0
1002033,0
1002034,0
1002035,1
1002036,0
1002037,0
1002038,1
1002039,1
1002040,0
1002041,0
1002042,0
1002043,0
1002044,0
1002045,0
1002046,0
1002047,0
1002048,0
1002049,1
1002050,1
1002051,0
1002052,0
1002053,0
1002054,0
1002055,0
1002056,0
1002057,0
1002058,0
1002059,0
1002060,0
1002061,0
1002062,0
1002063,0
1002064,0
1002065,0
1002066,0
1002067,1
1002068,0
1002069,0
1002070,0
1002071,1
1002072,0
1002073,1
1002074,0
1002075,0
1002076,0
1002077,0
1002078,1
1002079,0
1002080,0
1002081,0
1002082,0
1002083,0
1002084,1
1002085,0
1002086,0
1002087,0
1002088,0
1002089,0
1002090,0
1002091,0
