CustomerID,Gender,Age
12346,M,67
12747,M,50
12748,F,23
12749,F,41
12820,F,28
12821,M,56
12822,M,41
12823,F,68
12824,F,48
12826,F,34
12827,M,47
12828,M,32
12829,M,38
12830,F,60
12831,F,30
12832,F,22
12833,M,33
12834,M,70
12836,M,27
12837,M,65
12838,F,21
12839,F,50
12840,F,54
12841,M,31
12842,M,53
12843,F,58
12844,F,28
12845,F,46
12847,M,23
12849,M,39
12851,M,40
12852,F,52
12853,F,67
12854,F,27
12856,M,56
12857,M,52
12863,M,70
12864,M,50
12867,F,34
12868,F,42
12871,F,24
12872,M,59
12873,M,48
12875,F,56
12877,F,35
12878,F,44
12879,M,45
12881,M,30
12882,M,66
12883,F,29
12884,F,31
12885,F,67
12886,M,44
12888,M,51
12890,M,60
12891,M,22
12893,F,38
12895,F,27
12897,F,24
12901,M,55
12902,M,48
12904,F,45
12906,F,40
12908,F,38
12909,M,23
12910,M,33
12912,M,29
12913,F,25
12915,F,46
12916,F,52
12917,M,22
12919,M,67
12920,M,35
12921,M,21
12922,F,47
12923,F,31
12924,F,45
12925,M,63
12928,M,66
12929,F,33
12930,F,59
12931,F,52
12933,M,62
12935,M,36
12936,M,28
12937,F,32
12938,F,52
12939,F,43
12940,M,46
12942,M,65
12943,M,60
12944,M,53
12945,F,61
12947,F,35
12948,F,54
12949,M,51
12950,M,54
12951,F,40
12952,F,58
12953,F,56
12955,M,61
12956,M,58
12957,M,56
12962,F,67
12963,F,36
12965,F,56
12966,M,41
12967,M,69
12968,M,27
12970,M,61
12971,F,41
12974,F,40
12976,F,58
12977,M,49
12980,M,22
12981,F,54
12982,F,66
12984,F,66
12985,M,43
12987,M,39
12988,M,44
12989,F,41
12990,F,61
12991,F,66
12993,M,54
12994,M,39
12995,M,28
12997,M,39
12999,F,60
13000,F,58
13001,F,56
13002,M,25
13003,M,40
13004,F,28
13005,F,30
13006,F,61
13008,M,54
13012,M,68
13013,M,33
13014,F,58
13015,F,42
13016,F,45
13017,M,59
13018,M,64
13021,M,42
13023,M,57
13026,F,69
13027,F,46
13028,F,65
13029,M,35
13030,M,36
13032,F,69
13034,F,46
13035,F,57
13037,M,55
13038,M,40
13040,M,27
13043,F,53
13044,F,21
13045,F,48
13046,M,54
13047,M,68
13048,M,28
13049,M,49
13050,F,30
13052,F,50
13055,F,30
13058,M,39
13059,M,60
13060,F,66
13061,F,61
13062,F,43
13064,M,62
13066,M,48
13067,M,51
13068,F,60
13069,F,56
13070,F,48
13072,M,22
13075,M,69
13077,M,43
13078,M,42
13079,F,28
13080,F,67
13081,F,39
13082,M,60
13083,M,21
13085,F,20
13089,F,68
13090,F,31
13091,M,21
13092,M,48
13093,M,41
13094,F,46
13095,F,46
13097,F,45
13098,M,59
13099,M,53
13101,M,42
13102,M,20
13103,F,58
13104,F,22
13106,F,43
13107,M,62
13109,M,42
13110,F,43
13113,F,67
13115,F,39
13116,M,22
13117,M,46
13118,M,25
13120,F,51
13121,F,39
13122,F,37
13124,M,44
13126,M,26
13127,M,58
13130,M,45
13131,F,67
13132,F,47
13133,F,63
13134,M,23
13135,M,34
13136,F,32
13137,F,67
13138,F,27
13139,M,55
13140,M,63
13141,M,48
13142,F,26
13144,F,58
13145,F,28
13146,M,64
13147,M,68
13148,M,50
13149,M,33
13151,F,52
13153,F,35
13154,F,25
13155,M,20
13157,M,50
13158,F,29
13159,F,41
13160,F,42
13161,M,41
13162,M,30
13165,M,69
13166,F,64
13167,F,65
13168,F,41
13169,M,39
13170,M,62
13171,M,23
13173,M,23
13174,F,65
13176,F,55
13177,F,34
13178,M,52
13182,M,41
13183,F,51
13184,F,21
13185,F,42
13186,M,69
13187,M,32
13188,M,37
13189,F,34
13192,F,46
13193,F,60
13194,M,64
13196,M,63
13198,M,58
13199,M,67
13200,F,41
13203,F,64
13207,F,55
13208,M,64
13209,M,60
13210,F,20
13211,F,61
13212,F,65
13213,M,22
13216,M,55
13217,M,59
13218,F,61
13220,F,57
13221,F,51
13223,M,58
13224,M,66
13225,M,37
13226,M,20
13227,F,53
13228,F,26
13229,F,24
13230,M,54
13232,M,32
13233,F,41
13235,F,61
13236,F,60
13238,M,52
13239,M,24
13240,M,29
13242,F,20
13243,F,65
13244,F,21
13245,M,40
13246,M,23
13247,M,29
13248,M,66
13249,F,50
13253,F,21
13255,F,62
13256,M,56
13258,M,61
13259,F,36
13260,F,27
13261,F,58
13262,M,35
13263,M,27
13265,M,23
13266,F,38
13267,F,30
13268,F,67
13269,M,68
13271,M,55
13272,M,58
13273,M,29
13276,F,39
13277,F,21
13278,F,51
13279,M,23
13280,M,30
13282,F,20
13283,F,59
13284,F,53
13285,M,49
13291,M,56
13292,M,29
13294,F,52
13296,F,22
13297,F,20
13298,M,47
13299,M,45
13300,M,20
13301,M,47
13302,F,36
13305,F,47
13307,F,25
13308,M,34
13309,M,56
13310,F,69
13311,F,41
13313,F,57
13314,M,55
13316,M,22
13317,M,35
13318,F,24
13319,F,37
13320,F,52
13321,M,55
13322,M,53
13323,M,48
13324,M,33
13325,F,57
13327,F,65
13328,F,48
13329,M,51
13330,M,55
13332,F,62
13334,F,63
13336,F,51
13338,M,44
13339,M,36
13340,M,65
13341,F,34
13343,F,21
13344,F,68
13345,M,24
13347,M,53
13348,M,42
13349,M,35
13350,F,40
13351,F,40
13352,F,69
13354,M,66
13355,M,36
13356,F,46
13357,F,58
13358,F,61
13359,M,63
13362,M,56
13363,M,58
13364,F,37
13365,F,57
13366,F,25
13368,M,65
13372,M,53
13373,M,56
13375,M,57
13376,F,58
13379,F,47
13381,F,24
13382,M,48
13384,M,66
13385,F,59
13388,F,25
13389,F,49
13390,M,27
13391,M,30
13394,M,39
13395,F,31
13396,F,52
13397,F,54
13398,M,25
13402,M,46
13403,M,49
13404,M,21
13405,F,54
13408,F,43
13410,F,62
13411,M,52
13414,M,47
13416,F,47
13417,F,24
13418,F,67
13419,M,60
13420,M,66
13421,M,53
13422,F,46
13425,F,34
13426,F,51
13427,M,67
13428,M,21
13429,M,36
13430,M,55
13431,F,60
13434,F,49
13435,F,31
13436,M,59
13437,M,58
13439,F,31
13441,F,52
13447,F,28
13448,M,32
13449,M,69
13450,M,65
13451,F,44
13452,F,24
13453,F,51
13455,M,38
13456,M,21
13458,M,31
13460,M,70
13461,F,52
13462,F,58
13464,F,38
13466,M,51
13467,M,47
13468,F,48
13470,F,62
13471,F,42
13473,M,49
13474,M,39
13475,M,30
13476,F,39
13477,F,60
13479,F,40
13481,M,26
13482,M,49
13483,M,63
13484,M,67
13485,F,31
13486,F,33
13487,F,43
13488,M,47
13489,M,34
13491,F,69
13494,F,67
13495,F,49
13496,M,38
13497,M,55
13499,M,69
13500,F,68
13502,F,50
13503,F,47
13504,M,22
13506,M,34
13507,M,55
13508,M,55
13509,F,39
13510,F,42
13512,F,33
13513,M,50
13514,M,64
13515,F,37
13516,F,29
13517,F,20
13518,M,33
13519,M,31
13521,M,54
13522,F,62
13523,F,26
13524,F,28
13525,M,34
13527,M,69
13529,M,53
13531,M,69
13532,F,35
13533,F,69
13534,F,27
13536,M,35
13538,M,38
13539,F,49
13544,F,21
13546,F,50
13548,M,68
13549,M,38
13551,M,45
13552,F,41
13555,F,44
13557,F,27
13558,M,21
13560,M,52
13561,M,54
13562,M,57
13563,F,21
13564,F,60
13565,F,52
13566,M,59
13568,M,32
13569,F,41
13570,F,31
13571,F,54
13572,M,52
13573,M,36
13575,M,48
13576,F,38
13577,F,35
13579,F,65
13581,M,28
13583,M,41
13584,M,70
13587,M,30
13588,F,29
13589,F,23
13590,F,24
13591,M,59
13592,M,51
13593,F,57
13594,F,24
13596,F,39
13598,M,50
13599,M,50
13600,M,21
13601,F,48
13602,F,69
13603,F,31
13606,M,60
13607,M,37
13610,M,61
13611,M,35
13614,F,28
13615,F,46
13617,F,35
13618,M,60
13621,M,59
13623,F,49
13626,F,38
13627,F,21
13629,M,33
13630,M,43
13631,M,23
13632,F,37
13634,F,45
13635,F,52
13636,M,55
13637,M,64
13638,M,34
13639,M,53
13642,F,47
13643,F,58
13644,F,40
13645,M,36
13647,M,64
13649,F,22
13650,F,33
13651,F,59
13652,M,45
13654,M,48
13655,M,21
13656,F,29
13657,F,55
13658,F,31
13659,M,56
13662,M,42
13663,M,58
13666,M,50
13667,F,60
13668,F,27
13669,F,25
13670,M,38
13672,M,32
13673,F,70
13675,F,56
13678,F,30
13680,M,52
13681,M,64
13682,M,23
13684,F,51
13685,F,63
13686,F,37
13689,M,30
13690,M,70
13692,M,55
13693,M,42
13694,F,31
13695,F,45
13697,F,68
13699,M,59
13700,M,56
13703,F,37
13704,F,22
13705,F,66
13706,M,52
13707,M,64
13708,M,43
13709,F,65
13710,F,51
13711,F,37
13712,M,29
13715,M,49
13716,M,62
13717,M,59
13718,F,51
13719,F,32
13720,F,53
13721,M,42
13722,M,47
13723,F,39
13725,F,33
13726,F,56
13727,M,30
13728,M,41
13730,M,43
13731,F,22
13732,F,61
13735,F,47
13736,M,63
13737,M,60
13739,M,59
13740,M,55
13741,F,26
13742,F,28
13743,F,31
13744,M,31
13745,M,60
13748,F,38
13750,F,29
13751,F,48
13752,M,67
13753,M,41
13754,M,48
13755,F,52
13756,F,53
13758,F,29
13759,M,65
13760,M,28
13761,M,47
13762,M,44
13763,F,33
13764,F,66
13767,F,42
13769,M,50
13771,M,38
13772,F,29
13774,F,57
13777,F,36
13778,M,65
13780,M,47
13781,M,60
13782,F,20
13784,F,21
13787,F,32
13790,M,66
13791,M,50
13792,M,26
13798,M,57
13799,F,43
13800,F,39
13801,F,37
13802,M,62
13803,M,47
13804,F,43
13805,F,48
13806,F,64
13808,M,51
13819,M,58
13821,M,67
13822,F,43
13823,F,40
13824,F,51
13826,M,55
13827,M,29
13828,M,23
13831,M,68
13832,F,29
13833,F,47
13835,F,27
13837,M,48
13838,M,59
13841,F,39
13842,F,36
13844,F,47
13845,M,52
13846,M,33
13848,M,37
13849,F,21
13850,F,45
13851,F,48
13853,M,67
13854,M,36
13856,M,25
13858,M,69
13859,F,70
13860,F,43
13862,F,20
13863,M,70
13865,M,50
13866,F,26
13867,F,35
13868,F,43
13869,M,52
13870,M,48
13871,M,45
13873,F,26
13875,F,62
13876,F,57
13877,M,60
13878,M,45
13880,M,60
13881,M,50
13882,F,59
13883,F,29
13884,F,59
13885,M,63
13886,M,23
13887,F,33
13888,F,70
13889,F,20
13890,M,47
13892,M,45
13893,M,41
13894,F,63
13895,F,48
13897,F,38
13898,M,57
13899,M,61
13900,M,22
13901,M,61
13904,F,50
13908,F,26
13911,F,54
13914,M,27
13917,M,69
13918,F,50
13923,F,46
13924,F,60
13925,M,36
13926,M,69
13927,M,42
13928,F,39
13929,F,63
13930,F,63
13931,M,57
13932,M,48
13933,M,64
13934,M,45
13936,F,26
13937,F,35
13938,F,63
13939,M,67
13940,M,28
13941,F,24
13946,F,54
13947,F,32
13949,M,58
13950,M,59
13951,M,54
13952,F,55
13953,F,24
13954,F,26
13955,M,44
13956,M,48
13959,M,69
13960,M,57
13962,F,49
13963,F,49
13967,F,33
13969,M,26
13971,M,55
13972,F,44
13973,F,42
13974,F,69
13975,M,26
13976,M,65
13978,M,68
13979,F,62
13980,F,62
13982,F,46
13983,M,63
13984,M,63
13985,M,60
13986,M,57
13988,F,50
13989,F,33
13990,F,41
13991,M,46
13992,M,55
13993,F,22
13994,F,57
13995,F,30
13999,M,35
14000,M,63
14001,M,45
14002,F,32
14004,F,38
14005,F,48
14006,M,21
14009,M,21
14012,M,58
14013,M,46
14014,F,52
14015,F,21
14019,F,23
14020,M,65
14021,M,62
14022,F,69
14023,F,63
14024,F,22
14027,M,46
14029,M,33
14030,M,42
14031,F,61
14032,F,63
14034,F,30
14035,M,64
14036,M,52
14037,M,38
14038,M,63
14039,F,66
14040,F,26
14041,F,32
14044,M,62
14045,M,54
14046,F,63
14047,F,28
14048,F,60
14049,M,61
14050,M,62
14051,M,56
14052,F,57
14053,F,20
14054,F,25
14055,M,45
14056,M,47
14057,M,54
14059,M,56
14060,F,34
14062,F,65
14064,F,32
14066,M,65
14067,M,50
14068,F,60
14071,F,51
14073,F,56
14075,M,55
14076,M,34
14077,M,39
14078,F,57
14079,F,47
14080,F,40
14081,M,45
14083,M,66
14085,M,51
14087,M,33
14088,F,25
14089,F,47
14090,F,24
14092,M,21
14093,M,39
14096,F,29
14098,F,29
14099,F,42
14100,M,26
14101,M,45
14102,M,28
14104,F,30
14105,F,45
14107,F,55
14108,M,66
14109,M,60
14110,M,42
14111,M,21
14112,F,22
14113,F,52
14114,F,61
14116,M,27
14117,M,22
14121,F,37
14124,F,57
14125,F,64
14126,M,43
14127,M,50
14128,M,66
14129,F,46
14130,F,28
14132,F,27
14133,M,59
14135,M,31
14138,M,54
14139,M,33
14140,F,61
14141,F,50
14143,F,39
14145,M,53
14146,M,34
14147,F,27
14148,F,51
14149,F,43
14150,M,66
14152,M,45
14154,M,46
14155,F,23
14157,F,67
14158,F,40
14159,M,54
14161,M,65
14162,M,21
14163,M,27
14164,F,60
14165,F,68
14167,F,62
14171,M,31
14173,M,21
14174,F,58
14175,F,28
14176,F,59
14177,M,63
14178,M,28
14179,M,36
14180,F,56
14184,F,51
14185,F,66
14188,M,60
14189,M,49
14191,M,47
14193,M,46
14194,F,59
14195,F,23
14196,F,68
14198,M,40
14199,M,70
14201,F,25
14204,F,45
14205,F,41
14206,M,26
14208,M,58
14209,M,29
14210,F,30
14211,F,64
14212,F,26
14214,M,68
14215,M,69
14216,M,64
14217,M,44
14218,F,42
14219,F,66
14220,F,24
14221,M,63
14222,M,43
14223,F,54
14224,F,51
14226,F,20
14227,M,66
14229,M,46
14231,M,39
14232,F,40
14233,F,43
14234,F,49
14235,M,40
14236,M,65
14238,M,55
14239,M,37
14240,F,66
14241,F,47
14242,F,29
14243,M,51
14245,M,51
14246,F,24
14247,F,62
14248,F,57
14250,M,35
14251,M,62
14256,M,34
14257,F,33
14258,F,28
14259,F,67
14261,M,52
14262,M,60
14264,M,47
14267,M,21
14270,F,28
14271,F,59
14272,F,36
14273,M,50
14276,M,39
14280,F,41
14282,F,27
14284,F,55
14285,M,45
14286,M,66
14287,M,68
14288,F,28
14289,F,43
14290,F,40
14291,M,49
14292,M,22
14293,M,55
14295,M,20
14297,F,46
14298,F,47
14299,F,68
14300,M,68
14301,M,30
14304,F,25
14305,F,21
14306,F,58
14307,M,60
14309,M,27
14311,M,22
14312,F,54
14314,F,59
14315,F,58
14317,M,43
14320,M,54
14321,M,42
14323,M,21
14326,F,58
14327,F,65
14329,F,20
14331,M,67
14332,M,23
14333,F,34
14334,F,45
14336,F,68
14338,M,49
14339,M,63
14340,M,22
14341,F,49
14342,F,67
14344,F,26
14345,M,41
14346,M,65
14348,M,32
14349,M,42
14350,F,32
14351,F,47
14352,F,53
14353,M,54
14354,M,47
14356,F,62
14357,F,43
14359,F,60
14360,M,23
14362,M,64
14364,M,44
14367,F,64
14368,F,51
14371,F,28
14375,M,60
14377,M,38
14379,M,29
14381,M,69
14382,F,56
14383,F,41
14385,F,39
14386,M,68
14387,M,56
14388,F,46
14389,F,46
14390,F,63
14393,M,64
14395,M,26
14396,M,21
14397,F,46
14400,F,52
14401,F,54
14403,M,61
14404,M,33
14406,M,70
14407,M,25
14408,F,39
14409,F,56
14410,F,64
14411,M,49
14412,M,42
14414,F,28
14415,F,47
14416,F,70
14418,M,47
14419,M,65
14420,M,49
14421,F,53
14422,F,21
14423,F,23
14424,M,22
14426,M,45
14427,M,28
14428,M,25
14431,F,42
14432,F,43
14434,F,34
14436,M,38
14437,M,46
14438,F,31
14440,F,33
14441,F,53
14443,M,66
14446,M,51
14447,M,20
14448,F,59
14449,F,56
14450,F,44
14451,M,64
14452,M,39
14453,M,55
14456,M,27
14457,F,43
14459,F,21
14460,F,30
14461,M,33
14462,M,21
14463,F,65
14465,F,38
14466,F,54
14467,M,30
14470,M,53
14472,M,46
14473,F,37
14474,F,56
14475,F,68
14476,M,55
14477,M,52
14479,F,34
14480,M,43
14481,M,64
14482,F,52
14483,F,64
14484,F,38
14485,M,49
14487,M,35
14488,F,43
14489,F,68
14491,F,21
14493,M,21
14494,M,42
14495,M,35
14496,F,21
14497,F,24
14498,F,22
14499,M,55
14500,M,59
14501,M,26
14502,M,29
14503,F,30
14504,F,38
14505,F,47
14506,M,50
14507,M,65
14508,F,45
14511,F,68
14512,F,40
14513,M,22
14514,M,48
14515,M,29
14517,F,23
14518,F,65
14520,F,29
14522,M,51
14523,M,37
14524,M,27
14525,M,69
14527,F,21
14528,F,26
14529,F,52
14530,M,21
14532,M,37
14533,F,46
14534,F,25
14535,F,46
14536,M,42
14537,M,57
14538,M,70
14539,F,53
14540,F,40
14541,F,57
14542,M,23
14543,M,52
14544,M,21
14546,M,31
14547,F,35
14548,F,33
14549,F,20
14550,M,61
14551,M,27
14552,F,21
14553,F,20
14554,F,27
14555,M,21
14557,M,46
14560,M,57
14561,F,42
14562,F,30
14565,F,34
14567,M,51
14569,M,24
14570,M,64
14572,M,54
14573,F,26
14577,F,66
14578,F,59
14581,M,26
14582,M,63
14583,F,40
14584,F,44
14585,F,30
14586,M,46
14587,M,42
14591,M,47
14592,F,29
14593,F,44
14594,F,37
14595,M,28
14597,M,66
14598,M,27
14600,M,67
14601,F,38
14603,F,33
14606,F,37
14607,M,41
14608,M,61
14609,F,70
14616,F,35
14618,F,51
14619,M,35
14620,M,36
14621,M,23
14622,F,41
14623,F,41
14624,F,41
14625,M,52
14626,M,46
14627,M,54
14628,M,53
14629,F,59
14631,F,57
14632,F,43
14633,M,63
14636,M,26
14638,F,66
14639,F,44
14640,F,30
14641,M,68
14642,M,58
14643,M,66
14644,F,48
14645,F,25
14647,F,64
14649,M,41
14651,M,55
14652,M,36
14653,M,33
14655,F,43
14656,F,33
14657,F,33
14658,M,28
14659,M,33
14660,F,22
14661,F,28
14662,F,52
14664,M,54
14665,M,34
14666,M,54
14667,F,32
14669,F,50
14670,F,70
14672,M,54
14673,M,35
14675,M,38
14676,M,60
14680,F,44
14681,F,65
14682,F,54
14684,M,53
14687,M,32
14688,F,41
14689,F,42
14690,F,68
14691,M,51
14692,M,27
14693,M,61
14696,F,51
14697,F,38
14698,F,58
14699,M,68
14700,M,33
14701,M,39
14702,M,51
14703,F,51
14704,F,69
14705,F,28
14708,M,33
14709,M,23
14710,F,37
14711,F,52
14712,F,56
14713,M,50
14714,M,31
14715,M,32
14716,F,38
14719,F,20
14720,F,53
14722,M,49
14723,M,38
14725,M,24
14727,M,60
14730,F,42
14731,F,60
14732,F,29
14733,M,66
14735,M,56
14737,F,31
14738,F,50
14739,F,22
14740,M,64
14741,M,67
14744,M,23
14745,F,54
14747,F,63
14748,F,59
14752,M,32
14753,M,56
14754,M,43
14755,M,22
14756,F,49
14757,F,55
14758,F,48
14759,M,40
14760,M,42
14761,F,34
14762,F,22
14764,F,59
14765,M,45
14766,M,28
14768,M,43
14769,F,27
14770,F,32
14772,F,25
14775,M,28
14776,M,57
14777,M,47
14778,M,29
14779,F,61
14780,F,27
14782,F,29
14784,M,48
14785,M,24
14788,F,36
14789,F,38
14790,F,48
14792,M,46
14793,M,68
14794,M,31
14795,F,69
14796,F,47
14798,F,40
14799,M,36
14800,M,42
14801,M,20
14803,M,70
14804,F,67
14805,F,49
14806,F,60
14808,M,68
14810,M,69
14815,F,37
14816,F,53
14817,F,50
14818,M,53
14819,M,35
14820,M,56
14823,F,65
14824,F,59
14825,F,22
14828,M,22
14829,M,56
14830,M,34
14834,M,37
14836,F,58
14837,F,22
14840,F,38
14841,M,31
14842,M,55
14844,F,36
14847,F,52
14849,F,54
14850,M,32
14851,M,36
14852,M,41
14853,F,62
14854,F,23
14855,F,70
14856,M,48
14857,M,51
14859,M,40
14860,M,28
14861,F,54
14862,F,27
14863,F,58
14865,M,25
14866,M,49
14867,F,54
14868,F,27
14869,F,65
14870,M,61
14871,M,48
14873,M,39
14875,F,31
14878,F,29
14880,F,44
14881,M,29
14882,M,65
14883,M,56
14885,M,67
14886,F,28
14887,F,28
14888,F,39
14889,M,56
14890,M,42
14891,F,27
14893,F,50
14894,F,51
14895,M,67
14896,M,36
14897,M,34
14898,F,55
14901,F,51
14902,F,43
14903,M,36
14904,M,41
14905,M,56
14907,M,68
14908,F,40
14910,F,31
14913,F,24
14915,M,43
14916,M,41
14918,F,47
14920,F,43
14921,F,23
14923,M,33
14924,M,52
14929,M,67
14944,F,48
14946,F,47
14947,F,43
14948,M,32
14950,M,68
14951,M,68
14952,M,23
14953,F,68
14954,F,23
14957,F,24
14958,M,35
14959,M,46
14960,F,26
14961,F,25
14962,F,35
14963,M,26
14964,M,40
14965,M,55
14966,F,37
14967,F,40
14968,F,34
14970,M,37
14971,M,21
14972,M,49
14973,M,59
14974,F,43
14975,F,46
14976,F,61
14978,M,23
14981,M,38
14984,F,50
14985,F,55
14987,F,45
14988,M,57
14995,M,40
14997,M,61
14998,F,26
15000,F,62
15002,F,32
15004,M,54
15005,M,69
15006,M,56
15007,M,47
15009,F,22
15010,F,56
15012,F,62
15014,M,65
15016,M,50
15017,F,46
15018,F,34
15019,F,68
15021,M,56
15022,M,58
15023,M,33
15024,F,70
15025,F,39
15026,F,28
15027,M,51
15028,M,33
15030,M,67
15031,M,66
15032,F,44
15033,F,64
15034,F,65
15035,M,51
15036,M,30
15038,F,20
15039,F,50
15041,F,46
15042,M,42
15043,M,49
15044,M,38
15045,F,52
15046,F,52
15047,F,30
15048,M,54
15049,M,34
15050,M,50
15051,M,28
15052,F,49
15053,F,68
15054,F,48
15057,M,56
15058,M,29
15059,F,40
15060,F,62
15061,F,36
15062,M,20
15063,M,28
15065,M,31
15066,F,55
15067,F,62
15068,F,66
15069,M,41
15071,M,33
15073,M,46
15074,M,35
15075,F,59
15076,F,43
15078,F,57
15079,M,33
15081,M,42
15083,F,62
15087,F,37
15088,F,57
15089,M,49
15090,M,29
15091,M,59
15092,F,53
15093,F,70
15095,F,49
15096,M,56
15097,M,66
15098,M,57
15099,M,45
15100,F,31
15101,F,21
15103,F,20
15104,M,32
15105,M,30
15106,F,32
15107,F,23
15109,F,55
15110,M,34
15111,M,35
15113,M,27
15114,F,68
15115,F,65
15116,F,26
15117,M,33
15118,M,50
15119,M,67
15120,M,60
15121,F,49
15122,F,59
15123,F,29
15124,M,50
15125,M,26
15127,F,66
15128,F,27
15129,F,69
15130,M,52
15132,M,31
15133,M,62
15134,F,22
15135,F,22
15136,F,23
15139,M,57
15140,M,43
15142,M,45
15143,M,39
15144,F,41
15145,F,40
15146,F,35
15147,M,44
15148,M,49
15149,F,53
15150,F,70
15152,F,29
15153,M,50
15154,M,39
15156,M,31
15157,F,49
15158,F,22
15159,F,42
15163,M,46
15164,M,28
15167,M,44
15168,M,67
15171,F,51
15172,F,55
15174,F,25
15175,M,37
15178,M,58
15179,F,70
15181,F,63
15182,F,63
15184,M,37
15185,M,41
15186,M,31
15187,F,44
15189,F,65
15192,F,47
15193,M,35
15194,M,62
15195,M,58
15197,M,46
15198,F,38
15199,F,63
15201,F,56
15203,M,43
15205,M,63
15206,F,24
15208,F,50
15210,F,25
15211,M,41
15212,M,23
15213,M,38
15214,F,69
15215,F,60
15216,F,38
15218,M,36
15219,M,48
15220,M,49
15222,M,29
15223,F,48
15225,F,39
15226,F,57
15227,M,45
15228,M,60
15230,F,57
15232,F,56
15234,F,30
15235,M,66
15236,M,64
15237,M,63
15238,F,20
15239,F,40
15240,F,34
15241,M,54
15243,M,37
15244,M,33
15245,M,58
15246,F,44
15247,F,42
15249,F,69
15251,M,25
15252,M,58
15253,F,51
15254,F,35
15255,F,43
15256,M,35
15257,M,52
15258,M,28
15260,F,61
15261,F,59
15262,F,53
15263,M,31
15264,M,27
15265,M,52
15266,M,68
15267,F,51
15269,F,33
15270,F,57
15271,M,32
15272,M,48
15274,F,55
15275,F,31
15276,F,20
15277,M,52
15280,M,36
15281,M,68
15286,F,47
15288,F,39
15289,F,48
15290,M,33
15291,M,69
15292,M,68
15296,M,69
15297,F,32
15298,F,53
15299,F,64
15300,M,65
15301,M,28
15303,F,57
15304,F,47
15306,F,48
15307,M,41
15308,M,38
15311,M,61
15312,F,30
15313,F,20
15314,F,67
15315,M,66
15316,M,40
15318,M,29
15319,M,47
15320,F,59
15321,F,47
15322,F,60
15325,M,32
15326,M,32
15327,F,46
15329,F,66
15330,F,35
15333,M,37
15334,M,54
15335,M,45
15339,F,55
15341,F,62
15342,F,21
15343,M,48
15344,M,28
15345,M,26
15346,M,48
15348,F,64
15349,F,53
15351,F,62
15353,M,68
15355,M,56
15356,F,66
15358,F,39
15360,F,57
15363,M,44
15364,M,43
15365,M,24
15366,F,59
15367,F,70
15368,F,59
15369,M,33
15370,M,23
15372,M,37
15373,M,68
15374,F,52
15376,F,26
15379,F,57
15380,M,68
15381,M,28
15382,F,38
15384,F,49
15385,F,31
15386,M,55
15389,M,69
15392,M,64
15393,F,40
15394,F,32
15395,F,58
15396,M,69
15397,M,34
15398,M,49
15399,M,48
15400,F,47
15402,F,67
15405,F,66
15406,M,49
15407,M,24
15408,F,54
15410,F,51
15411,F,52
15412,M,60
15414,M,28
15415,M,40
15416,F,55
15417,F,63
15419,F,64
15421,M,39
15422,M,42
15423,M,23
15424,M,51
15426,F,63
15427,F,37
15428,F,46
15429,M,36
15432,M,51
15433,F,65
15434,F,60
15435,F,47
15436,M,35
15437,M,35
15438,M,50
15440,F,42
15442,F,57
15443,F,25
15444,M,29
15445,M,28
15447,M,65
15448,M,57
15449,F,39
15450,F,49
15452,F,52
15453,M,30
15456,M,64
15457,F,48
15458,F,47
15462,F,37
15463,M,59
15464,M,34
15465,M,24
15466,F,26
15467,F,21
15468,F,27
15469,M,54
15471,M,64
15472,M,30
15473,M,25
15475,F,29
15478,F,33
15482,F,43
15483,M,31
15484,M,36
15485,F,59
15488,F,47
15489,F,69
15491,M,45
15492,M,70
15493,M,58
15494,F,53
15497,F,68
15498,F,23
15500,M,22
15502,M,64
15504,M,21
15505,M,62
15506,F,28
15507,F,29
15508,F,61
15510,M,40
15511,M,69
15512,F,24
15513,F,49
15514,F,58
15516,M,70
15517,M,29
15518,M,24
15520,F,41
15521,F,63
15522,F,24
15523,M,54
15524,M,40
15525,M,65
15526,M,40
15527,F,35
15528,F,22
15529,F,40
15530,M,45
15531,M,42
15532,F,28
15533,F,54
15535,F,60
15537,M,55
15539,M,22
15540,M,38
15541,F,32
15543,F,29
15544,F,30
15545,M,47
15547,M,68
15549,M,54
15550,M,30
15551,F,38
15552,F,65
15553,F,43
15554,M,34
15555,M,67
15556,F,57
15557,F,45
15561,F,59
15563,M,28
15565,M,22
15567,M,67
15568,F,23
15569,F,69
15570,F,63
15571,M,64
15572,M,32
15573,M,30
15574,M,46
15576,F,69
15577,F,67
15578,F,48
15579,M,22
15581,M,27
15582,F,43
15584,F,24
15585,F,61
15587,M,45
15589,M,56
15590,M,63
15592,F,50
15593,F,40
15594,F,69
15596,M,24
15597,M,29
15598,M,44
15599,M,50
15601,F,41
15602,F,65
15603,F,48
15604,M,44
15605,M,57
15606,F,49
15607,F,28
15608,F,55
15609,M,46
15610,M,39
15611,M,53
15612,F,52
15615,F,62
15618,F,55
15619,M,36
15620,M,60
15621,M,50
15622,M,57
15623,F,37
15624,F,55
15625,F,36
15626,M,34
15628,M,40
15630,F,55
15632,F,28
15634,F,68
15636,M,58
15637,M,53
15638,M,53
15639,F,34
15640,F,53
15641,F,37
15643,M,22
15644,M,45
15645,M,36
15646,M,38
15648,F,26
15649,F,23
15651,F,56
15652,M,38
15653,M,67
15654,F,66
15655,F,32
15656,F,67
15657,M,53
15658,M,35
15659,M,24
15660,F,49
15661,F,45
15663,F,44
15664,M,41
15665,M,40
15667,M,43
15668,M,37
15669,F,27
15670,F,46
15671,F,43
15673,M,45
15674,M,26
15675,F,53
15676,F,53
15677,F,42
15678,M,53
15679,M,61
15680,M,44
15681,F,42
15683,F,56
15687,F,30
15689,M,57
15690,M,22
15691,M,48
15692,M,40
15694,F,23
15695,F,45
15696,F,31
15699,M,66
15700,M,46
15701,F,24
15703,F,48
15704,F,49
15705,M,39
15706,M,54
15707,M,27
15708,F,33
15709,F,56
15712,F,45
15713,M,66
15714,M,53
15716,M,68
15717,M,55
15719,F,30
15720,F,56
15721,F,36
15722,M,60
15724,M,39
15725,F,70
15727,F,49
15728,F,55
15729,M,52
15730,M,22
15732,M,49
15733,F,35
15734,F,66
15737,F,42
15738,M,43
15739,M,48
15740,M,66
15743,M,63
15744,F,39
15745,F,44
15746,F,55
15747,M,42
15748,M,56
15749,F,20
15750,F,23
15752,F,63
15753,M,54
15754,M,59
15755,M,48
15756,F,34
15757,F,62
15758,F,67
15759,M,38
15762,M,34
15763,M,21
15764,M,43
15766,F,62
15768,F,20
15769,F,38
15773,M,35
15774,M,23
15775,F,62
15776,F,34
15777,F,55
15780,M,60
15781,M,40
15782,M,45
15783,F,65
15785,F,39
15786,F,64
15787,M,48
15790,M,26
15791,M,60
15793,M,42
15795,F,41
15796,F,70
15797,F,51
15799,M,64
15800,M,39
15801,F,61
15802,F,26
15803,F,48
15804,M,38
15805,M,59
15806,M,36
15807,F,64
15808,F,31
15809,F,66
15810,M,35
15811,M,39
15812,M,46
15813,M,38
15814,F,50
15815,F,51
15819,F,39
15820,M,48
15821,M,47
15822,F,25
15823,F,47
15825,F,63
15826,M,23
15827,M,29
15829,M,33
15830,F,51
15831,F,33
15832,F,42
15834,M,49
15835,M,54
15836,M,33
15837,M,28
15838,F,49
15839,F,21
15840,F,63
15841,M,38
15843,M,66
15844,F,35
15845,F,65
15847,F,63
15850,M,49
15852,M,39
15853,M,21
15854,F,47
15855,F,62
15856,F,38
15857,M,25
15858,M,40
15860,M,56
15861,M,50
15862,F,22
15863,F,40
15864,F,58
15865,M,46
15866,M,51
15867,F,55
15869,F,41
15870,F,54
15872,M,57
15874,M,35
15877,M,23
15881,F,29
15882,F,50
15883,F,67
15885,M,42
15886,M,51
15888,M,33
15889,M,43
15891,F,27
15894,F,58
15895,F,46
15897,M,53
15898,M,38
15900,F,38
15901,F,24
15903,F,60
15904,M,51
15906,M,40
15907,M,25
15909,F,27
15910,F,49
15912,F,69
15916,M,54
15917,M,63
15918,M,51
15919,M,44
15920,F,60
15921,F,56
15925,F,52
15930,M,25
15932,M,59
15933,F,49
15935,F,24
15937,F,22
15938,M,46
15939,M,52
15940,M,51
15942,F,53
15944,F,53
15947,F,28
15948,M,65
15949,M,46
15950,M,60
15951,M,32
15952,F,40
15953,F,40
15955,F,52
15957,M,49
15958,M,43
15963,F,61
15965,F,24
15967,F,26
15969,M,50
15970,M,24
15971,M,65
15973,F,51
15974,F,52
15975,F,29
15976,M,24
15977,M,69
15978,M,59
15980,M,21
15981,F,28
15983,F,57
15984,F,39
15985,M,57
15986,M,56
15987,F,23
15988,F,63
15990,F,37
15992,M,42
15993,M,33
15994,M,33
15996,F,23
15998,F,65
16000,F,30
16003,M,21
16005,M,52
16006,M,34
16007,M,40
16008,F,27
16009,F,45
16010,F,35
16011,M,28
16012,M,30
16013,F,49
16014,F,66
16015,F,52
16016,M,35
16017,M,25
16018,M,64
16019,F,49
16020,F,42
16022,F,63
16023,M,67
16024,M,27
16025,M,61
16026,M,26
16027,F,46
16029,F,67
16030,F,64
16031,M,61
16033,M,57
16034,F,39
16036,F,51
16037,F,40
16038,M,23
16040,M,65
16041,M,43
16042,F,58
16043,F,58
16045,F,60
16048,M,54
16049,M,49
16050,M,50
16052,M,56
16053,F,23
16054,F,64
16055,F,60
16056,M,55
16057,M,49
16059,F,64
16061,F,49
16062,F,68
16063,M,42
16066,M,40
16070,M,44
16071,F,56
16072,F,58
16073,F,57
16076,M,54
16078,M,40
16079,M,48
16080,M,53
16081,F,42
16083,F,67
16084,F,35
16085,M,24
16086,M,23
16091,F,52
16092,F,32
16093,F,49
16094,M,20
16096,M,48
16097,M,24
16098,F,61
16099,F,52
16101,F,29
16102,M,55
16103,M,25
16104,F,41
16105,M,32
16106,M,37
16107,F,60
16108,F,26
16109,F,38
16110,M,30
16112,M,45
16113,F,59
16114,F,31
16115,F,50
16116,M,23
16117,M,33
16119,M,33
16120,F,31
16121,F,64
16122,F,60
16123,M,29
16124,M,49
16126,M,56
16127,M,62
16128,F,56
16131,F,30
16133,F,39
16134,M,59
16135,M,51
16136,F,52
16139,F,37
16140,F,63
16141,M,57
16142,M,36
16143,M,26
16144,F,24
16145,F,49
16146,F,54
16147,M,35
16148,M,64
16149,M,69
16150,M,36
16152,F,64
16153,F,68
16156,F,39
16157,M,50
16159,M,47
16160,F,67
16161,F,20
16162,F,47
16163,M,52
16164,M,34
16168,M,66
16169,F,34
16170,F,25
16171,F,25
16172,M,43
16173,M,34
16174,M,53
16175,M,44
16177,F,27
16178,F,47
16179,F,47
16180,M,57
16181,M,61
16182,F,53
16183,F,69
16184,F,51
16185,M,23
16186,M,24
16187,M,27
16188,F,23
16189,F,46
16190,F,28
16191,M,37
16193,M,40
16198,M,47
16200,M,42
16201,F,27
16203,F,58
16204,F,70
16205,M,64
16206,M,47
16207,F,33
16208,F,58
16209,F,24
16210,M,26
16211,M,34
16212,M,27
16213,F,58
16214,F,43
16215,F,59
16216,M,38
16217,M,69
16218,M,37
16221,M,62
16222,F,29
16224,F,22
16225,F,59
16226,M,31
16227,M,67
16229,F,31
16230,F,57
16232,F,42
16233,M,23
16235,M,46
16236,M,44
16239,F,33
16240,F,31
16241,F,26
16242,M,22
16243,M,42
16244,M,70
16245,M,25
16247,F,59
16248,F,52
16249,F,29
16250,M,62
16253,M,54
16255,F,45
16256,F,26
16257,F,49
16258,M,35
16260,M,27
16261,M,56
16265,F,23
16266,F,43
16268,F,26
16271,M,70
16272,M,53
16275,M,44
16276,M,39
16278,F,57
16279,F,40
16281,F,50
16282,M,22
16283,M,48
16284,F,24
16287,F,31
16292,F,21
16293,M,46
16295,M,46
16297,M,50
16298,F,33
16302,F,23
16303,F,64
16305,M,34
16306,M,41
16308,M,69
16309,M,35
16311,F,39
16313,F,32
16315,F,42
16316,M,41
16317,M,59
16318,F,68
16319,F,57
16322,F,43
16323,M,20
16324,M,68
16325,M,43
16326,F,42
16327,F,27
16330,F,50
16332,M,32
16333,M,25
16337,M,22
16338,M,49
16339,F,38
16340,F,42
16341,F,66
16342,M,66
16343,M,49
16344,F,23
16345,F,58
16347,F,24
16348,M,21
16349,M,27
16350,M,42
16351,F,33
16352,F,50
16353,F,66
16354,M,30
16356,M,35
16357,M,20
16358,M,46
16359,F,63
16360,F,29
16361,F,21
16362,M,64
16363,M,32
16364,F,52
16365,F,48
16366,F,52
16367,M,55
16368,M,38
16369,M,49
16370,F,43
16372,F,27
16374,F,51
16376,M,42
16377,M,20
16378,M,40
16379,M,39
16380,F,62
16383,F,43
16384,F,67
16385,M,36
16386,M,44
16387,F,27
16389,F,68
16392,F,33
16393,M,45
16394,M,27
16395,M,64
16398,F,42
16399,F,38
16400,F,64
16401,M,68
16402,M,29
16403,M,41
16404,M,59
16405,F,66
16406,F,27
16407,F,26
16409,M,50
16411,M,59
16412,F,52
16413,F,68
16414,F,48
16415,M,57
16416,M,65
16418,M,43
16419,F,43
16422,F,25
16423,F,65
16424,M,26
16425,M,22
16426,M,52
16427,M,23
16428,F,32
16429,F,48
16430,F,37
16431,M,62
16432,M,53
16433,F,43
16434,F,39
16438,F,29
16440,M,50
16441,M,22
16442,M,32
16444,F,50
16445,F,51
16446,F,58
16447,M,32
16448,M,24
16449,M,61
16450,M,54
16451,F,66
16454,F,35
16455,F,39
16456,M,31
16457,M,55
16458,F,45
16460,F,26
16461,F,37
16462,M,37
16463,M,33
16464,M,69
16466,F,30
16468,F,35
16469,F,31
16470,M,43
16471,M,61
16473,M,64
16474,M,37
16475,F,40
16477,F,24
16478,F,59
16479,M,51
16480,M,64
16482,F,59
16483,F,52
16484,F,46
16485,M,29
16488,M,37
16491,M,34
16493,F,55
16494,F,30
16495,F,26
16496,M,68
16497,M,41
16498,M,41
16500,M,40
16503,F,35
16504,F,67
16505,F,52
16506,M,69
16509,M,45
16511,F,55
16513,F,29
16515,F,34
16516,M,58
16517,M,31
16518,M,48
16519,F,58
16520,F,54
16523,F,36
16525,M,40
16526,M,46
16527,M,48
16528,M,42
16529,F,57
16531,F,66
16532,F,47
16533,M,28
16535,M,26
16536,F,65
16539,F,24
16542,F,44
16545,M,65
16546,M,32
16549,M,60
16550,F,50
16551,F,55
16552,F,27
16553,M,42
16554,M,68
16555,M,23
16556,M,21
16557,F,28
16558,F,35
16560,F,66
16561,M,20
16563,M,35
16566,F,32
16567,F,44
16569,F,33
16570,M,40
16571,M,44
16572,M,39
16573,F,53
16574,F,43
16581,F,55
16582,M,37
16584,M,39
16586,M,46
16587,M,49
16589,F,64
16591,F,38
16592,F,46
16593,M,37
16594,M,20
16595,F,22
16596,F,53
16597,F,45
16598,M,32
16600,M,69
16601,M,49
16602,F,68
16603,F,24
16607,F,36
16609,M,35
16610,M,21
16611,M,49
16612,M,30
16613,F,40
16614,F,38
16616,F,67
16617,M,36
16618,M,53
16619,F,65
16620,F,70
16621,F,65
16623,M,32
16624,M,49
16625,M,56
16626,F,64
16627,F,42
16628,F,63
16629,M,26
16633,M,54
16634,M,32
16637,M,51
16638,F,37
16639,F,67
16641,F,32
16642,M,63
16643,M,39
16644,F,67
16647,F,23
16648,F,57
16650,M,62
16652,M,42
16653,M,34
16654,F,25
16655,F,46
16656,F,48
16657,M,59
16659,M,25
16660,M,23
16666,M,44
16667,F,38
16668,F,66
16669,F,41
16670,M,27
16671,M,38
16672,F,55
16674,F,41
16676,F,69
16678,M,47
16680,M,47
16681,M,57
16682,F,59
16684,F,48
16685,F,38
16686,M,50
16688,M,36
16689,M,21
16690,M,51
16692,F,29
16693,F,60
16696,F,33
16697,M,22
16698,M,40
16700,F,62
16701,F,41
16705,F,35
16706,M,50
16708,M,49
16709,M,45
16710,F,26
16711,F,35
16712,F,59
16713,M,29
16714,M,26
16715,M,37
16716,M,36
16717,F,46
16719,F,27
16720,F,55
16721,M,61
16722,M,64
16723,F,49
16725,F,23
16726,F,69
16728,M,69
16729,M,52
16730,M,48
16732,F,69
16734,F,21
16735,F,41
16737,M,32
16738,M,56
16739,M,65
16742,M,25
16743,F,45
16744,F,50
16745,F,25
16746,M,25
16747,M,44
16748,F,64
16750,F,30
16751,F,49
16753,M,26
16755,M,29
16756,M,33
16757,F,23
16758,F,21
16759,F,70
16761,M,48
16762,M,50
16763,M,29
16764,M,56
16765,F,64
16766,F,57
16767,F,22
16768,M,22
16769,M,29
16770,F,64
16771,F,25
16773,F,58
16774,M,49
16775,M,64
16776,M,68
16777,F,47
16778,F,42
16779,F,44
16780,M,29
16782,M,49
16784,M,34
16788,M,58
16789,F,27
16790,F,64
16791,F,25
16792,M,64
16793,M,22
16794,F,45
16796,F,64
16800,F,36
16801,M,61
16803,M,29
16804,M,44
16805,F,64
16806,F,21
16807,F,68
16808,M,57
16809,M,53
16810,M,58
16811,M,20
16813,F,56
16814,F,43
16816,F,58
16817,M,33
16818,M,22
16820,F,42
16823,F,58
16824,F,37
16825,M,30
16826,M,34
16828,M,51
16829,F,65
16830,F,63
16832,F,46
16833,M,62
16834,M,34
16835,M,69
16836,M,43
16837,F,38
16838,F,59
16839,F,54
16841,M,56
16842,M,31
16843,F,48
16846,F,29
16847,F,36
16848,M,57
16849,M,54
16850,M,38
16851,F,26
16852,F,66
16855,F,35
16856,M,50
16859,M,60
16861,M,69
16863,M,69
16866,F,54
16869,F,61
16871,F,46
16872,M,21
16873,M,56
16875,F,24
16877,F,50
16878,F,21
16880,M,35
16881,M,57
16882,M,62
16883,F,46
16884,F,65
16885,F,53
16887,M,64
16889,M,53
16891,M,55
16892,M,48
16895,F,25
16897,F,31
16898,F,30
16899,M,58
16900,M,49
16902,F,33
16903,F,50
16904,F,32
16905,M,56
16906,M,56
16907,M,50
16909,F,56
16910,F,36
16912,F,54
16913,M,54
16914,M,30
16915,M,59
16916,M,43
16917,F,58
16918,F,61
16919,F,39
16921,M,28
16923,M,58
16924,F,45
16927,F,32
16928,F,64
16929,M,26
16930,M,43
16931,M,49
16932,F,50
16933,F,37
16934,F,56
16936,M,22
16938,M,31
16940,M,58
16942,M,25
16943,F,68
16945,F,37
16947,F,68
16948,M,53
16949,M,43
16950,F,33
16951,F,61
16952,F,58
16953,M,24
16954,M,65
16955,M,32
16956,F,60
16957,F,59
16959,F,25
16960,M,55
16961,M,43
16963,M,39
16965,M,27
16966,F,23
16967,F,46
16968,F,51
16969,M,48
16971,M,65
16976,F,59
16978,F,59
16979,F,54
16980,M,30
16982,M,26
16983,M,52
16984,F,51
16985,F,67
16986,F,42
16987,M,50
16988,M,21
16989,M,33
16990,M,33
16992,F,44
16996,F,28
16997,F,49
16998,M,44
16999,M,63
17001,F,30
17002,F,70
17004,F,62
17006,M,67
17007,M,64
17010,M,51
17011,F,38
17014,F,25
17015,F,66
17017,M,42
17018,M,55
17019,M,50
17022,M,40
17024,F,70
17025,F,37
17026,F,48
17027,M,29
17029,M,54
17030,F,39
17031,F,50
17033,F,40
17034,M,33
17035,M,33
17037,M,37
17038,F,27
17040,F,39
17041,F,69
17042,M,50
17043,M,49
17044,M,58
17045,M,34
17046,F,67
17047,F,40
17048,F,33
17049,M,63
17050,M,25
17051,F,36
17052,F,47
17053,F,62
17054,M,69
17058,M,23
17059,M,67
17060,F,55
17061,F,41
17062,F,47
17063,M,64
17064,M,35
17065,M,23
17068,M,60
17069,F,61
17070,F,55
17071,F,45
17073,M,25
17075,M,53
17076,F,54
17078,F,69
17079,F,22
17080,M,62
17081,M,22
17082,M,69
17083,F,21
17084,F,50
17085,F,58
17086,M,67
17088,M,67
17090,M,46
17091,M,25
17092,F,33
17094,F,62
17095,F,48
17096,M,69
17100,M,63
17101,F,54
17102,F,26
17105,F,30
17107,M,61
17109,M,54
17110,M,32
17111,F,64
17114,F,24
17115,F,36
17117,M,64
17118,M,21
17119,M,69
17120,M,22
17122,F,32
17123,F,36
17124,F,52
17125,M,60
17126,M,52
17128,F,21
17131,F,45
17133,F,69
17134,M,54
17135,M,49
17138,M,64
17139,F,62
17140,F,26
17142,F,33
17144,M,35
17146,M,58
17147,M,23
17148,M,59
17152,F,48
17153,F,33
17154,F,50
17155,M,55
17157,M,52
17158,F,51
17159,F,70
17160,F,63
17162,M,55
17163,M,27
17164,M,35
17165,F,21
17166,F,28
17169,F,69
17171,M,41
17172,M,42
17173,M,48
17174,M,39
17175,F,68
17176,F,51
17179,F,69
17180,M,40
17181,M,61
17183,F,36
17186,F,54
17187,F,61
17188,M,45
17189,M,44
17190,M,41
17191,F,46
17193,F,36
17194,F,27
17197,M,59
17198,M,65
17201,M,59
17203,M,65
17204,F,28
17205,F,62
17206,F,56
17211,M,59
17212,M,44
17213,F,49
17214,F,46
17217,F,21
17218,M,25
17219,M,23
17220,M,30
17221,F,22
17222,F,56
17223,F,28
17226,M,38
17227,M,52
17228,M,31
17229,M,29
17230,F,49
17231,F,52
17232,F,37
17233,M,30
17234,M,46
17235,F,57
17236,F,22
17237,F,23
17238,M,47
17239,M,38
17242,M,42
17243,F,31
17244,F,64
17245,F,21
17247,M,69
17248,M,33
17250,M,23
17252,M,40
17253,F,40
17254,F,54
17255,F,34
17256,M,66
17259,M,67
17262,F,40
17263,F,53
17265,F,33
17266,M,58
17267,M,59
17268,M,51
17272,F,42
17274,F,50
17277,F,44
17278,M,60
17279,M,40
17282,M,29
17284,M,42
17286,F,20
17287,F,47
17288,F,53
17289,M,48
17290,M,70
17291,F,23
17293,F,51
17295,F,30
17297,M,69
17298,M,55
17299,M,51
17301,F,28
17302,F,22
17306,F,69
17309,M,54
17311,M,44
17312,M,33
17313,M,67
17314,F,65
17315,F,34
17317,F,68
17320,M,45
17321,M,37
17323,F,55
17324,F,60
17325,F,34
17329,M,32
17330,M,40
17331,M,65
17333,F,28
17334,F,38
17337,F,30
17338,M,22
17339,M,36
17340,M,60
17341,M,57
17344,F,29
17345,F,21
17346,F,60
17347,M,52
17348,M,31
17349,F,24
17350,F,59
17351,F,20
17353,M,64
17354,M,41
17356,M,39
17357,F,63
17358,F,23
17359,F,65
17360,M,43
17361,M,48
17362,M,42
17364,M,64
17365,F,40
17367,F,50
17368,F,41
17370,M,44
17371,M,33
17372,F,67
17373,F,22
17374,F,54
17375,M,32
17376,M,40
17377,M,24
17379,F,36
17381,F,43
17382,F,33
17383,M,35
17384,M,61
17385,M,40
17386,M,53
17387,F,34
17388,F,33
17389,F,40
17391,M,34
17392,M,66
17394,F,26
17396,F,67
17397,F,61
17398,M,34
17400,M,27
17402,M,28
17403,F,22
17405,F,27
17406,F,25
17408,M,48
17409,M,67
17410,M,36
17411,M,34
17412,F,63
17414,F,53
17415,F,26
17416,M,68
17418,M,56
17419,F,41
17420,F,50
17422,F,56
17423,M,54
17425,M,24
17426,M,62
17427,F,65
17428,F,48
17429,F,64
17430,M,68
17431,M,48
17432,M,57
17433,M,70
17434,F,60
17436,F,28
17438,F,53
17440,M,40
17442,M,45
17446,F,21
17447,F,49
17448,F,32
17449,M,46
17450,M,61
17451,M,56
17453,F,41
17454,F,25
17455,F,43
17457,M,61
17458,M,47
17459,M,27
17460,M,25
17461,F,31
17462,F,45
17463,F,39
17464,M,31
17466,M,55
17468,F,56
17469,F,28
17470,F,51
17472,M,69
17475,M,22
17480,M,68
17481,F,31
17483,F,62
17486,F,48
17489,M,36
17490,M,47
17491,M,22
17492,M,37
17495,F,69
17498,F,26
17499,F,56
17500,M,66
17501,M,27
17502,F,59
17503,F,23
17504,F,56
17505,M,33
17506,M,60
17507,M,28
17509,F,23
17510,F,67
17511,F,66
17512,M,51
17513,M,45
17514,M,22
17515,M,64
17516,F,24
17517,F,57
17519,F,63
17520,M,24
17521,M,23
17522,F,52
17523,F,26
17526,F,21
17527,M,29
17528,M,32
17530,M,46
17531,F,29
17534,F,54
17535,F,50
17536,M,69
17537,M,67
17538,M,21
17540,M,66
17542,F,56
17545,F,34
17548,F,55
17549,M,28
17550,M,52
17552,F,63
17553,F,56
17554,F,20
17555,M,47
17556,M,58
17557,M,32
17560,F,22
17561,F,36
17562,F,31
17564,M,68
17566,M,45
17567,M,53
17569,M,43
17571,F,57
17572,F,54
17573,F,35
17574,M,64
17576,M,44
17578,F,25
17579,F,61
17580,F,66
17581,M,70
17582,M,61
17584,M,69
17585,F,45
17588,F,61
17589,F,25
17590,M,34
17591,M,55
17593,M,24
17594,M,25
17595,F,68
17596,F,41
17597,F,57
17600,M,20
17601,M,26
17602,F,25
17603,F,55
17604,F,62
17608,M,64
17609,M,50
17611,M,55
17612,F,55
17613,F,31
17614,F,21
17615,M,49
17616,M,40
17618,M,52
17619,M,63
17620,F,43
17621,F,40
17623,F,67
17624,M,59
17625,M,57
17628,F,54
17629,F,44
17630,F,42
17631,M,68
17633,M,66
17634,M,37
17636,F,54
17637,F,57
17639,F,40
17640,M,39
17642,M,67
17644,M,58
17646,M,48
17647,F,56
17648,F,36
17649,F,57
17650,M,54
17651,M,35
17652,F,44
17653,F,38
17654,F,37
17655,M,51
17656,M,52
17658,M,28
17659,F,20
17660,F,52
17663,F,32
17664,M,22
17666,M,41
17667,M,20
17668,M,36
17669,F,20
17670,F,67
17671,F,31
17672,M,61
17673,M,41
17674,F,25
17675,F,59
17676,F,46
17677,M,43
17678,M,50
17679,M,28
17680,F,34
17682,F,20
17684,F,57
17685,M,42
17686,M,44
17690,M,32
17692,M,42
17693,F,46
17694,F,37
17695,F,37
17696,M,41
17697,M,66
17698,F,66
17700,F,36
17701,F,54
17702,M,31
17703,M,25
17704,M,58
17705,F,52
17706,F,61
17707,F,65
17708,M,50
17709,M,44
17711,M,21
17712,M,58
17714,F,48
17715,F,59
17716,F,38
17718,M,51
17719,M,46
17720,F,59
17722,F,33
17723,F,34
17724,M,69
17725,M,33
17727,M,40
17728,F,60
17730,F,46
17731,F,56
17733,M,64
17734,M,60
17735,M,63
17736,M,38
17737,M,57
17738,F,35
17739,F,69
17742,F,63
17744,M,62
17746,M,31
17747,F,21
17749,F,24
17750,F,30
17754,M,52
17757,M,67
17758,M,43
17759,F,45
17760,F,40
17761,F,36
17763,M,32
17764,M,54
17765,M,66
17767,M,44
17768,F,33
17769,F,41
17770,F,40
17771,M,53
17772,M,35
17774,F,53
17775,F,57
17777,F,69
17779,M,46
17781,M,65
17783,M,41
17785,F,49
17786,F,51
17787,F,33
17788,M,22
17789,M,41
17790,M,67
17791,M,66
17793,F,32
17795,F,30
17796,F,66
17797,M,22
17799,M,51
17800,F,38
17802,F,54
17805,F,31
17806,M,45
17809,M,50
17811,M,21
17812,F,55
17813,F,21
17816,F,56
17817,M,42
17819,M,54
17820,M,60
17824,M,53
17827,F,67
17830,F,59
17831,F,45
17832,M,55
17835,M,57
17836,F,43
17837,F,63
17838,F,68
17839,M,64
17841,M,62
17843,M,30
17846,F,29
17848,F,27
17849,F,47
17850,M,53
17852,M,58
17854,M,45
17856,M,31
17857,F,22
17858,F,44
17859,F,32
17861,M,29
17862,M,34
17863,F,33
17864,F,33
17865,F,21
17866,M,48
17867,M,51
17869,M,65
17870,F,63
17871,F,64
17873,F,27
17874,M,66
17877,M,45
17878,M,42
17879,M,64
17881,F,50
17883,F,55
17884,F,53
17885,M,47
17886,M,57
17887,F,64
17888,F,48
17889,F,35
17890,M,43
17891,M,62
17892,M,46
17893,F,63
17894,F,48
17895,F,57
17896,M,68
17897,M,37
17898,M,26
17899,M,43
17900,F,42
17901,F,21
17904,F,36
17905,M,21
17906,M,31
17911,F,53
17912,F,38
17913,F,48
17914,M,49
17917,M,31
17919,M,40
17920,F,56
17921,F,28
17923,F,52
17924,M,46
17926,M,56
17928,M,36
17929,M,47
17930,F,49
17931,F,34
17932,F,62
17934,M,31
17935,M,47
17936,F,38
17937,F,31
17939,F,60
17940,M,39
17941,M,47
17942,M,43
17946,F,32
17947,F,67
17948,F,34
17949,M,53
17950,M,29
17951,M,41
17954,M,58
17955,F,32
17956,F,61
17957,F,70
17958,M,57
17960,M,21
17961,F,42
17962,F,46
17964,F,47
17965,M,50
17966,M,23
17969,M,36
17970,F,34
17972,F,32
17973,F,63
17974,M,62
17975,M,30
17977,M,22
17979,M,69
17980,F,57
17984,F,45
17985,F,63
17986,M,65
17987,M,34
17988,F,56
17990,F,35
17991,F,31
17994,M,34
17995,M,43
17997,M,44
17999,F,21
18001,F,53
18005,F,24
18006,M,44
18008,M,22
18009,M,65
18010,M,23
18013,F,38
18014,F,44
18015,F,57
18016,M,41
18017,M,38
18018,F,62
18019,F,55
18022,F,20
18024,M,67
18027,M,67
18030,M,26
18032,F,38
18033,F,56
18034,F,69
18035,M,56
18036,M,21
18037,M,33
18040,M,69
18041,F,35
18042,F,38
18043,F,55
18044,M,54
18045,M,32
18048,F,30
18053,F,46
18055,F,50
18056,M,55
18058,M,28
18059,M,32
18061,F,26
18062,F,47
18064,F,55
18065,M,34
18066,M,30
18067,M,24
18068,M,29
18069,F,61
18071,F,62
18072,F,47
18073,M,52
18075,M,58
18077,F,37
18078,F,41
18079,F,65
18080,M,31
18081,M,65
18082,M,53
18084,F,34
18085,F,48
18086,F,38
18087,M,55
18088,M,66
18092,M,40
18093,M,43
18094,F,30
18095,F,58
18096,F,53
18097,M,65
18099,M,21
18101,F,47
18102,F,61
18104,F,65
18105,M,49
18106,M,38
18108,M,31
18109,F,50
18110,F,29
18112,F,44
18114,M,24
18116,M,28
18117,M,59
18118,M,27
18120,F,41
18121,F,69
18122,F,53
18123,M,20
18125,M,58
18126,F,25
18127,F,51
18129,F,70
18130,M,69
18133,M,28
18135,M,20
18136,F,35
18138,F,27
18139,F,40
18142,M,63
18143,M,32
18144,M,59
18145,M,35
18146,F,56
18147,F,59
18149,F,67
18150,M,40
18151,M,53
18154,F,61
18155,F,42
18156,F,29
18158,M,41
18159,M,30
18160,M,40
18161,F,34
18164,F,68
18165,F,51
18167,M,21
18168,M,44
18169,M,23
18170,M,24
18171,F,41
18172,F,41
18173,F,30
18174,M,40
18177,M,54
18178,F,41
18179,F,61
18180,F,60
18181,M,24
18183,M,55
18184,M,44
18185,F,67
18188,F,69
18189,F,45
18190,M,40
18191,M,21
18192,M,40
18193,M,26
18194,F,53
18196,F,24
18198,F,46
18200,M,66
18202,M,45
18203,F,43
18204,F,31
18205,F,55
18209,M,25
18210,M,48
18211,M,30
18212,F,24
18213,F,58
18215,F,21
18216,M,40
18217,M,23
18218,M,63
18219,M,47
18220,F,40
18221,F,34
18222,F,60
18223,M,63
18224,M,69
18225,F,44
18226,F,23
18227,F,45
18228,M,46
18229,M,41
18230,M,69
18231,F,62
18232,F,51
18233,F,21
18235,M,38
18236,M,67
18237,M,52
18239,M,24
18240,F,62
18241,F,49
18242,F,24
18245,M,65
18246,M,49
18248,F,43
18249,F,42
18250,F,51
18251,M,48
18252,M,65
18255,M,36
18257,F,33
18259,F,43
18260,F,64
18261,M,41
18262,M,20
18263,M,48
18265,M,34
18268,F,27
18270,F,33
18272,F,28
18273,M,55
18274,M,38
18276,F,29
18277,F,65
18278,F,46
18280,M,21
18281,M,53
18282,M,24
18283,F,50
18287,F,53