CustomerID,Monthly_Charge,Data_GB,Streaming_Hours,Call_Minutes,Intl_Minutes,Roaming_Charges,Support_Calls,Late_Payments,Churn
501524,55.52,7.8,14.8,607,59,25.92,2,0,1
501783,61.80,28.9,33.5,338,45,9.87,2,1,1
502329,34.29,4.6,10.3,223,13,1.77,3,0,0
500106,47.01,11.3,6.5,128,0,0.0,2,0,0
501867,58.10,26.1,29.5,295,23,8.99,2,1,1
501801,40.73,6.8,12.8,366,50,18.32,1,1,0
502297,46.02,23.4,35.0,33,0,0.0,4,1,1
500624,55.41,30.3,32.0,120,17,0.01,0,0,0
501341,49.99,17.0,14.4,243,17,4.39,2,0,0
502374,52.39,18.3,27.0,250,51,16.12,4,1,0
500240,77.36,43.9,46.7,292,43,5.01,2,0,0
500197,65.12,26.9,28.2,318,37,14.08,4,2,0
501223,56.35,12.9,20.2,562,52,24.04,0,0,0
500640,70.20,35.4,47.3,338,24,10.2,0,1,1
500762,40.71,21.9,31.5,139,15,2.27,1,3,1
501749,56.80,28.9,43.8,298,30,3.87,3,0,0
501528,€59.75,20.4,25.7,504,55,14.52,0,1,0
500777,70.32,21.0,27.3,580,73,23.82,0,0,0
502303,66.98,39.8,40.8,183,21,2.56,0,0,0
500980,67.13,19.4,27.2,508,45,19.38,0,0,0
500525,71.22,34.6,41.6,417,32,9.26,0,0,0
500186,64.24,11.3,5.6,653,85,20.57,0,0,0
501662,58.19,23.2,32.5,406,39,19.38,0,2,1
501074,57.07,16.0,19.3,483,64,16.53,2,1,0
501028,43.16,10.4,7.1,285,30,5.36,1,0,0
502242,63.15,25.6,31.2,411,42,13.04,1,0,0
501089,35.84,2.3,8.6,211,23,5.33,1,0,0
500605,62.64,8.1,0.8,559,70,26.06,0,0,0
501956,26.44,0.5,0.0,181,10,0.0,1,0,0
501966,51.66,17.8,30.0,352,46,13.74,2,0,0
501617,32.60,0.5,8.1,234,39,1.21,3,1,0
502158,45.29,17.6,20.2,148,12,4.55,3,2,1
500324,58.98,19.8,25.6,457,49,17.04,0,0,0
500207,25.78,0.5,5.1,94,0,0.0,1,0,0
502397,21.47,0.5,0.0,119,7,0.0,1,0,0
500599,61.36,28.9,30.0,340,36,11.98,4,0,1
500626,57.01,23.1,20.5,417,42,15.12,1,1,0
599003,42.19,20.1,18.1,276,54,7.62,1,0,0
500169,38.99,4.0,5.0,241,26,10.91,0,0,0
501985,55.68,19.7,18.9,320,45,12.57,2,2,1
501297,41.87,9.6,14.6,325,38,7.19,2,0,0
501653,52.30,12.6,17.8,458,51,13.83,0,0,0
501703,54.69,34.3,43.1,134,5,5.75,5,0,0
500369,56.89,19.0,23.1,316,29,10.38,6,1,0
500432,37.96,5.3,6.7,255,20,3.75,1,0,0
500341,52.65,19.2,29.5,309,18,4.76,5,2,0
500249,32.86,0.5,0.0,283,30,12.52,2,1,0
501570,30.07,3.5,7.1,10,0,0.0,0,0,0
502339,61.50,33.5,40.9,234,12,3.38,1,1,0
502136,59.24,30.8,37.6,226,11,7.32,0,0,0
501547,58.29,23.7,23.9,339,28,6.24,3,2,0
501108,37.11,12.4,22.6,164,0,0.0,1,1,0
501213,88.65,46.4,49.9,459,40,18.5,1,0,0
501239,57.95,36.0,45.4,120,0,2.46,2,1,0
502052,60.55,28.8,35.1,260,33,12.76,3,0,1
500592,57.11,29.7,49.3,296,29,7.4,2,0,0
500805,45.27,10.3,14.5,180,2,0.0,0,2,1
500912,35.36,12.2,8.4,89,5,0.0,0,0,0
500494,68.47,25.2,25.5,512,64,19.42,0,1,1
501752,50.65,19.7,19.5,328,36,3.37,2,0,0
502095,39.90,12.9,22.4,207,12,2.03,1,0,0
501106,65.25,24.3,27.2,442,59,14.89,1,0,0
500275,73.99,42.1,48.4,210,12,5.37,2,0,0
501988,33.28,10.2,11.0,76,3,5.73,2,0,0
502266,65.27,35.4,29.9,243,21,5.39,0,1,0
501813,43.17,10.6,19.0,337,23,6.18,3,1,0
500354,65.31,41.6,50.8,219,25,10.11,0,0,0
501146,51.23,5.1,6.6,510,38,15.54,2,0,0
501397,38.73,7.5,8.3,184,17,2.27,3,2,0
500930,86.48,49.3,49.9,317,39,16.55,1,1,0
501447,50.13,20.9,22.5,294,4,2.38,3,1,1
501492,66.40,30.0,38.2,273,19,11.05,0,1,0
501851,69.16,16.0,12.8,550,70,29.95,0,0,0
501060,72.82,36.4,39.9,296,25,5.87,1,1,0
500571,57.26,20.1,18.9,479,46,10.05,0,0,0
502237,29.88,5.7,5.9,164,0,0.0,2,0,0
500385,70.14,34.1,48.1,418,31,15.96,1,1,0
500594,56.50,24.8,18.1,284,11,5.69,0,0,0
502367,40.61,9.3,14.9,126,0,0.0,0,0,0
500996,59.91,13.5,15.1,464,56,19.73,1,1,0
502298,69.15,27.0,31.7,348,27,13.58,1,0,0
500163,27.14,0.5,0.0,26,0,0.0,1,0,0
500646,76.11,42.4,50.1,335,39,14.16,0,2,0
500462,58.15,40.6,,88,7,2.82,0,0,0
500233,60.70,21.4,23.8,394,33,8.19,2,1,0
501357,61.96,31.2,43.2,365,32,13.45,1,0,0
502304,49.44,17.7,26.5,279,23,1.6,3,2,1
501719,30.51,0.5,0.0,205,1,1.96,0,1,0
502381,52.11,13.5,19.9,471,37,8.56,5,2,0
500490,32.95,2.4,0.0,182,4,3.82,3,1,0
501600,63.57,42.8,50.5,172,15,4.12,1,1,1
500356,60.53,14.0,16.1,522,47,15.08,0,0,0
501137,73.28,41.6,49.7,277,33,5.23,0,0,0
501374,63.79,8.6,21.9,733,80,26.95,1,0,0
501515,40.03,0.5,0.0,315,28,6.14,1,0,1
502317,72.02,40.0,48.4,338,20,8.53,2,0,0
500380,59.21,15.4,17.2,461,68,13.94,1,1,0
501636,38.67,13.6,14.4,205,7,2.11,0,0,0
500357,42.37,5.6,9.6,359,26,8.63,0,0,1
500905,35.79,10.5,12.0,143,11,1.1,0,0,0
501394,25.34,0.5,0.0,10,0,0.0,0,0,0
500215,34.45,12.8,18.8,131,0,2.08,1,0,0
500781,56.34,10.0,14.0,485,63,19.06,1,0,0
501142,56.67,23.4,22.5,228,13,5.02,1,0,1
500089,64.10,,49.4,277,30,7.38,2,1,0
501471,65.50,33.5,40.4,337,18,14.27,0,1,0
501877,31.06,0.5,0.0,141,27,0.0,1,0,0
501677,45.60,10.1,8.8,300,20,0.0,1,1,0
501129,48.56,12.2,15.4,350,35,10.43,0,0,0
500596,36.63,0.5,0.0,237,32,3.3,2,0,1
500824,58.59,13.8,25.3,631,63,26.94,2,0,1
500971,40.20,3.8,11.9,271,21,2.33,0,0,0
502212,38.15,11.6,22.0,151,16,0.0,1,0,0
501711,39.41,8.4,12.6,97,6,0.0,3,0,0
501670,70.69,38.3,36.2,338,21,8.46,0,1,0
501468,37.35,13.5,15.6,105,0,0.26,0,0,0
501218,37.46,0.5,0.0,219,8,3.44,2,0,0
502084,36.55,7.4,5.8,183,0,3.54,0,0,0
500898,59.92,15.4,13.2,461,51,18.03,2,0,0
500521,56.59,11.6,19.6,506,56,20.93,2,1,0
502395,66.18,24.1,26.6,392,48,20.44,1,0,0
500232,48.08,7.8,5.5,243,1,5.88,0,2,0
501625,42.78,13.6,23.3,225,1,4.19,0,1,0
501071,35.47,10.0,15.2,150,13,4.7,2,1,1
501729,54.34,30.2,44.4,177,18,1.29,0,1,0
502375,55.83,14.6,10.8,567,62,20.91,3,0,0
501856,65.21,21.6,20.8,498,56,15.4,2,0,1
502089,44.64,10.3,8.8,154,19,7.07,1,0,0
502164,40.09,10.7,19.2,184,21,8.43,2,0,0
502031,59.90,14.6,26.8,670,67,23.24,0,0,0
500084,50.27,16.3,12.5,99,13,2.43,0,0,0
500941,65.34,17.5,8.7,497,69,20.18,1,1,0
501848,36.30,9.6,4.2,122,3,0.0,0,0,0
502240,59.73,,34.8,155,13,3.97,4,2,0
500519,45.19,20.1,30.4,225,23,4.91,0,0,0
501169,49.71,13.8,20.0,243,12,5.09,2,1,0
500335,57.50,2.6,14.3,600,65,23.78,0,2,1
502271,74.17,38.9,49.1,335,24,9.86,2,0,0
501267,55.67,10.1,18.2,543,55,12.04,1,0,0
502101,71.13,38.6,54.2,286,16,6.15,1,1,0
501837,€59.05,,39.1,234,8,3.17,1,0,0
501720,40.16,5.4,6.5,226,15,8.55,2,0,0
501278,38.87,7.7,11.1,178,8,0.0,0,0,0
501343,71.07,37.7,49.6,410,53,14.17,1,0,0
502383,66.79,34.9,50.2,259,13,7.44,0,1,0
501688,63.47,17.2,27.1,576,59,26.65,0,0,0
500764,€70.33,21.7,28.3,566,67,21.83,1,1,0
501549,52.04,17.7,24.5,283,32,7.89,1,0,0
501051,34.51,0.5,0.6,190,12,6.85,4,0,0
502255,42.07,13.5,9.0,58,0,1.54,0,0,0
500650,35.75,0.5,0.0,205,14,0.02,0,1,0
500981,62.81,22.3,30.5,513,56,20.59,3,3,0
501116,60.52,22.9,35.8,407,40,12.12,0,1,0
501792,67.98,36.5,,296,36,8.87,0,0,0
502385,40.17,11.3,20.5,217,12,4.83,0,0,0
500979,42.81,22.5,16.0,57,4,0.0,0,2,0
500083,69.98,37.8,43.6,288,33,13.46,3,0,0
501986,32.47,10.7,21.3,141,0,0.02,1,0,0
500608,58.33,15.7,9.8,348,21,14.44,1,0,0
501208,68.27,16.1,16.2,679,76,30.17,0,0,0
501279,43.33,13.5,18.5,146,3,0.0,0,0,0
501210,60.60,20.0,6.4,575,69,18.55,0,0,0
501484,38.43,7.0,8.8,308,23,4.55,1,1,0
500479,44.32,12.5,16.8,109,8,2.57,2,0,0
502316,35.18,0.5,5.2,187,3,2.3,5,3,1
501679,34.20,0.5,0.0,226,0,10.58,1,0,0
500837,56.11,22.2,22.0,321,21,8.21,2,0,0
500364,63.17,10.6,17.8,586,60,25.85,2,0,0
501922,65.84,34.8,35.9,227,30,8.71,1,0,0
501271,56.80,9.7,19.8,582,65,22.7,0,0,1
502291,59.19,26.3,36.4,254,7,5.34,3,0,0
500115,36.59,8.6,17.6,170,0,0.0,0,0,1
500214,72.70,40.8,48.5,417,47,17.92,0,0,0
502170,35.91,3.1,8.4,225,20,1.01,0,0,0
500337,60.40,23.7,21.3,303,16,4.44,4,1,1
501123,44.47,15.1,25.0,269,31,5.65,3,2,0
501083,61.37,33.1,42.4,212,0,0.0,1,0,0
500973,67.32,,25.0,618,75,25.45,0,3,0
502345,58.16,29.0,26.6,219,21,4.9,4,2,1
501894,72.74,40.8,43.2,258,26,15.68,0,1,0
502346,59.47,25.9,38.6,410,37,12.86,0,0,0
500005,72.30,37.9,30.3,385,21,8.84,1,0,0
500422,68.28,32.4,42.0,450,42,6.53,2,1,1
501578,41.68,,15.0,224,24,4.96,1,0,0
501672,59.94,13.3,19.3,499,69,27.1,2,0,0
502020,54.76,19.9,17.8,371,37,16.48,1,0,1
500464,69.54,35.7,37.6,333,41,5.94,2,0,0
502051,29.50,0.5,0.0,206,17,3.56,0,1,0
501141,43.09,11.9,22.3,272,23,8.55,1,0,0
501478,63.60,29.1,35.5,295,28,11.17,1,1,1
500218,62.24,31.8,24.6,255,32,9.65,1,3,1
500085,25.65,0.5,0.0,297,12,3.99,1,0,0
500746,69.03,39.5,47.8,405,12,7.44,0,0,0
500928,45.80,20.6,18.8,320,36,4.93,1,0,1
502289,67.30,13.4,27.8,617,85,33.79,0,0,0
501433,63.10,,8.3,722,93,28.46,0,1,0
501927,61.58,15.6,25.5,574,81,24.83,1,1,0
501316,49.02,19.5,27.3,247,0,2.44,0,1,0
500418,79.80,45.9,57.5,366,28,9.83,1,0,0
501558,46.93,24.0,24.2,241,14,4.6,2,2,0
501418,65.14,31.3,43.5,261,35,5.14,2,0,0
500879,38.06,7.5,20.3,180,13,1.99,2,0,0
500325,58.27,23.1,29.8,352,38,16.56,1,1,0
500615,47.30,20.2,20.8,350,38,7.91,5,0,1
501569,49.48,7.7,14.3,458,52,19.54,0,0,0
502106,70.67,36.8,50.5,378,37,3.23,1,0,0
500348,34.11,0.5,0.0,236,10,0.0,0,1,0
500581,62.36,16.7,19.5,536,57,14.16,1,0,0
500466,42.44,14.1,14.4,190,9,1.7,4,0,0
501021,70.88,41.6,46.0,318,16,9.78,1,0,0
501613,66.87,24.6,31.7,363,36,12.37,1,0,0
501663,70.45,36.1,48.9,285,13,2.41,0,0,0
502218,63.34,15.7,16.9,528,54,29.21,2,0,0
500639,50.01,10.3,15.2,388,41,15.83,0,1,0
502094,59.51,28.9,35.3,327,32,13.7,1,0,0
502269,€73.10,13.4,17.8,732,87,34.8,1,0,0
500501,66.25,35.5,36.8,400,33,8.11,4,3,1
501400,63.22,15.8,9.1,540,63,27.8,1,0,0
502217,55.88,4.1,10.9,618,72,26.53,1,0,0
500400,64.30,10.6,6.3,542,57,23.48,2,1,0
500456,40.88,11.9,13.4,162,5,3.84,0,0,0
502068,72.67,27.7,24.4,527,62,21.98,0,0,0
500500,25.25,5.2,11.5,35,0,0.0,1,0,1
500585,56.70,25.9,37.9,285,32,6.07,1,1,0
500075,42.52,18.5,33.3,277,13,7.56,1,2,0
501185,55.40,12.2,12.7,479,49,16.54,0,0,0
500673,53.08,6.1,7.7,565,64,28.3,1,0,0
500254,75.06,23.9,30.5,583,66,23.16,0,0,0
500757,51.40,4.9,5.2,472,68,18.33,1,1,0
500448,36.73,2.9,13.3,263,20,8.67,0,0,0
501416,43.66,11.5,13.5,279,24,8.6,0,0,0
501140,27.04,,0.0,113,2,0.0,1,2,0
500643,38.02,13.9,20.6,177,22,0.0,2,1,0
500332,65.08,31.0,36.7,352,44,11.95,1,1,1
500714,58.31,22.0,28.6,320,20,5.15,4,0,1
501834,47.95,19.5,22.4,190,14,3.78,0,0,0
500212,69.28,37.4,50.7,405,47,16.55,1,0,1
501364,61.90,23.4,22.4,255,24,6.45,5,1,1
500887,52.29,30.5,46.7,202,18,10.59,1,0,0
500030,43.49,,24.3,146,1,0.0,0,0,0
502252,20.70,1.0,6.3,90,0,0.0,1,0,0
501905,45.00,8.2,11.0,490,48,15.07,0,0,0
500067,44.22,2.2,0.0,219,9,3.46,1,0,0
501987,54.35,13.5,16.8,441,36,11.4,6,0,0
502370,44.39,9.9,13.1,156,1,0.86,2,0,0
501676,67.89,38.8,46.3,267,23,4.55,1,0,1
501707,58.78,8.4,15.8,597,80,25.02,0,0,0
501764,55.21,17.8,25.9,358,45,3.33,1,0,0
501732,42.08,14.4,8.2,77,11,0.0,0,2,0
500362,31.52,1.5,0.0,256,4,0.0,1,1,0
501903,58.37,21.7,23.5,218,4,6.59,7,1,0
500765,50.91,24.5,20.8,268,23,9.78,3,1,1
502006,49.27,15.3,13.5,328,34,13.04,3,2,0
500201,51.59,8.7,11.8,381,55,19.54,2,1,0
501283,63.64,19.4,30.1,601,58,22.75,1,2,0
501056,52.28,23.9,,248,21,13.25,0,0,0
502369,53.34,10.6,11.5,515,65,18.74,0,0,0
501602,27.68,0.5,0.0,143,6,2.53,0,0,0
501027,58.20,11.6,13.8,463,47,18.59,1,0,0
500498,80.87,44.3,,324,41,13.96,2,0,0
502088,69.88,22.6,32.3,592,56,16.99,1,0,0
501034,60.93,19.3,21.8,550,46,18.54,0,0,0
500828,43.92,4.8,9.8,465,40,15.27,1,0,0
501746,62.57,15.3,14.6,543,66,24.34,1,0,0
501947,34.07,10.0,4.3,111,0,0.0,2,0,0
501665,36.99,5.9,6.3,154,7,2.67,1,1,0
501632,34.47,0.5,4.5,259,25,4.69,0,1,0
502264,€73.42,36.6,41.3,407,49,19.21,4,0,0
500099,46.00,15.0,10.9,129,0,0.0,0,0,0
501272,40.25,13.6,25.3,142,18,0.34,0,0,0
501005,54.30,18.2,13.6,475,36,16.56,1,0,0
501803,57.16,20.2,29.4,265,39,7.07,3,1,1
500929,64.32,31.2,29.0,326,30,7.79,1,0,0
501367,26.58,0.5,0.0,217,3,3.24,0,1,1
501498,59.44,30.3,46.9,201,9,0.0,1,0,0
501891,61.68,15.0,17.6,550,66,19.71,2,0,0
501844,41.24,7.0,,252,14,10.14,1,0,0
501245,67.76,22.7,30.2,439,50,18.02,2,0,1
501763,60.25,27.9,32.7,93,8,0.0,5,1,1
502144,51.72,8.9,11.9,438,57,18.11,2,1,0
501003,71.80,14.1,19.8,718,97,32.99,1,0,0
500319,45.74,13.7,12.6,152,0,0.0,1,0,0
500730,66.82,33.9,50.6,278,30,7.04,2,1,0
500841,66.65,31.2,,300,35,12.33,1,1,0
502360,55.76,,41.6,277,22,9.35,0,0,0
500033,57.66,19.0,19.0,454,63,17.25,0,0,0
500236,60.91,30.2,31.3,243,24,4.02,2,2,0
500917,38.38,11.8,5.0,164,15,2.0,0,0,0
500244,72.45,42.7,55.7,235,26,7.31,0,0,0
501906,65.29,20.6,40.4,626,66,25.24,0,0,0
502039,33.64,1.3,15.6,202,14,5.75,0,0,0
501901,56.38,15.7,17.3,460,43,12.4,0,0,0
501041,64.50,28.3,34.7,428,31,12.87,2,0,0
500963,32.41,4.7,16.7,212,9,3.02,1,0,0
501772,44.83,6.4,14.1,262,17,7.12,2,1,0
500994,42.83,3.4,0.0,546,78,26.99,0,0,0
502005,65.56,27.0,31.5,335,31,10.34,1,0,1
500731,62.49,28.5,35.8,247,21,11.09,1,0,0
501926,63.95,37.6,43.0,314,33,7.63,0,0,0
500307,72.33,,45.4,336,23,9.38,1,0,0
502257,30.23,1.1,0.2,110,0,0.0,0,0,0
500059,32.14,1.2,2.1,151,16,2.54,0,0,0
500269,52.61,15.7,17.2,380,29,11.0,1,1,1
502206,58.72,22.5,31.5,296,27,10.13,3,0,0
501878,61.43,23.2,27.0,382,37,17.39,5,0,0
501692,59.58,31.2,40.3,325,26,9.86,1,2,0
502152,31.28,6.1,,87,0,0.0,1,0,0
501785,35.63,1.6,14.6,208,9,0.29,0,0,0
502163,58.98,32.4,40.5,281,11,7.54,0,1,0
501222,50.80,25.3,22.1,278,24,4.71,1,1,1
501417,67.98,27.2,30.7,490,52,13.95,1,0,0
502349,68.15,,43.7,371,53,11.02,2,0,0
500018,45.63,10.6,10.6,173,10,0.0,0,0,0
502284,60.56,32.9,29.5,315,24,13.62,0,0,0
500574,70.59,40.3,54.0,292,19,9.87,0,2,0
500697,68.26,16.6,16.8,703,82,26.48,0,1,0
501050,61.33,26.8,31.1,280,37,14.38,6,0,1
500363,56.54,10.3,4.9,631,67,18.63,1,0,0
501522,37.77,9.0,8.0,150,15,0.0,4,1,0
501902,72.89,,28.8,609,61,23.54,0,1,1
502067,54.07,15.6,23.5,384,28,14.8,1,3,1
502042,35.29,1.2,10.7,265,19,2.3,0,0,0
501496,68.93,43.0,48.6,257,27,2.9,1,1,0
501829,70.36,44.2,49.8,204,11,4.69,1,0,0
500412,€52.70,16.7,,318,17,8.5,2,0,1
500061,77.18,43.2,42.0,225,17,4.22,0,1,0
502331,55.15,14.7,19.6,448,47,12.26,0,0,0
500173,75.01,34.2,45.8,417,36,9.68,1,0,0
501933,72.65,38.2,50.0,340,39,12.11,0,0,0
500496,51.61,12.9,21.5,372,56,17.8,1,0,0
500029,60.75,34.0,37.4,215,29,3.1,0,0,0
500776,49.28,21.2,27.0,258,20,6.16,0,0,0
501505,55.16,11.3,18.6,591,80,16.44,1,0,1
501306,54.57,33.5,39.0,163,15,5.62,1,5,1
500270,71.96,39.9,42.1,283,24,3.62,0,0,0
501511,34.55,6.7,12.9,95,5,0.0,1,0,0
500576,32.59,3.7,16.1,132,0,0.66,2,0,0
500742,67.05,25.3,26.8,344,18,2.73,0,0,0
502352,41.61,17.8,30.6,10,0,0.0,0,0,0
502246,31.16,2.8,8.0,127,9,1.73,2,0,0
502273,42.15,11.1,15.7,256,24,4.93,0,0,0
501455,60.74,19.9,21.5,410,33,12.7,0,0,0
501583,57.96,23.6,17.4,432,59,21.0,1,0,0
501238,38.89,,5.6,249,13,7.71,1,0,0
500295,58.23,,4.1,519,65,23.55,1,0,0
501457,58.88,30.2,37.8,243,24,6.39,1,1,0
500329,42.08,16.2,9.6,170,18,3.08,4,2,1
500666,33.57,2.8,10.0,125,8,0.0,0,0,0
500486,61.63,22.1,27.6,363,37,10.89,2,1,0
500134,53.19,15.9,16.3,262,13,12.11,4,0,0
500604,66.65,41.0,42.2,336,12,9.27,1,1,1
501472,67.56,29.4,27.4,176,13,7.97,2,0,0
502063,45.38,16.4,13.9,120,28,5.73,5,1,1
501062,44.33,15.7,27.5,230,12,3.73,2,1,0
501096,37.72,0.5,3.3,354,33,10.1,2,0,0
500769,€25.84,0.7,14.6,98,0,0.0,2,0,0
500962,74.59,36.2,47.8,291,30,12.46,0,0,0
502179,61.02,32.9,36.6,126,8,4.36,1,0,0
500541,54.33,11.4,23.7,402,47,15.61,1,1,0
500339,52.90,20.3,27.4,272,12,8.27,2,2,1
502286,64.85,27.0,23.2,239,21,9.24,3,1,0
500252,44.58,8.9,11.3,312,31,6.71,0,0,0
501155,56.53,12.6,16.1,533,54,22.23,0,0,0
501436,36.43,1.6,0.0,108,18,0.0,2,1,0
501788,€70.37,18.0,18.8,676,64,19.62,3,2,1
500889,54.30,13.0,14.5,453,39,14.98,1,0,0
502133,56.36,26.3,29.5,297,39,9.03,1,1,0
502091,46.82,15.2,16.1,305,30,12.13,3,3,1
501664,29.33,0.8,5.1,106,12,0.28,2,0,0
501649,60.11,32.7,36.7,100,4,2.53,0,0,0
502249,49.02,8.5,18.0,306,13,12.23,0,0,0
500976,79.30,52.1,56.0,305,12,10.19,0,1,0
501121,69.64,22.8,29.5,495,36,14.08,1,0,0
500956,33.32,0.5,4.3,221,27,3.92,2,0,0
501294,39.85,10.1,14.9,153,2,0.0,3,1,0
501717,62.24,15.3,23.6,519,52,26.23,1,0,0
501889,40.68,8.4,14.1,102,10,0.0,1,0,0
500178,25.73,4.8,6.3,57,0,0.0,1,1,0
502244,52.86,17.3,18.4,358,46,14.77,0,0,0
502037,70.50,34.4,37.0,320,33,10.34,2,0,0
500381,36.31,10.3,17.8,140,0,0.0,1,0,0
501628,59.39,23.8,30.9,351,42,14.28,0,0,0
500908,62.56,29.6,45.2,374,38,6.87,1,3,1
501298,77.77,26.7,32.4,655,73,28.4,0,0,0
500679,28.23,0.5,2.1,133,3,0.0,0,2,0
502171,43.31,14.2,15.6,29,0,0.0,1,0,0
500386,40.13,15.8,21.7,145,7,7.09,1,1,0
502348,30.71,0.5,1.8,202,20,6.22,2,0,0
500842,62.43,33.6,36.0,322,31,7.83,3,1,1
501588,46.67,12.8,18.2,206,7,4.3,1,0,0
502132,58.57,33.5,39.9,216,2,4.8,4,1,1
502157,50.06,22.3,33.9,194,14,5.12,1,2,0
501369,44.92,18.0,23.9,168,0,0.18,4,1,0
502141,45.80,5.5,1.5,431,40,7.72,2,2,0
501102,€47.31,3.5,6.9,524,67,18.06,1,0,0
500480,40.52,13.4,12.7,262,14,4.77,3,0,0
500243,54.00,25.0,39.2,212,11,5.51,2,1,1
500818,51.49,3.4,6.5,538,63,19.74,0,1,0
501618,55.23,11.7,12.6,370,51,16.8,0,0,0
500792,69.65,39.0,42.7,332,34,7.81,1,0,0
501489,69.74,37.5,38.1,353,25,10.09,0,1,0
500904,57.62,25.1,22.0,455,50,8.57,2,0,0
501745,29.72,0.5,0.1,129,0,2.03,0,1,0
501081,54.56,24.7,35.5,350,30,6.17,1,3,0
501077,61.33,27.0,38.1,211,20,12.58,1,0,0
501621,52.86,27.5,30.2,158,11,0.0,0,0,0
501133,68.61,37.1,39.3,291,22,2.97,0,0,0
500087,67.81,38.2,41.8,315,30,8.32,1,0,0
501354,38.25,10.3,8.8,171,9,6.02,0,1,0
501996,63.02,20.1,20.4,507,64,16.78,2,0,0
501377,44.80,0.5,5.6,585,71,24.49,0,1,0
500927,40.92,1.0,1.9,345,38,10.99,0,1,0
500171,37.06,,,212,16,1.94,2,0,0
501852,42.67,5.9,,266,16,5.18,0,0,0
502029,64.57,16.1,22.1,672,71,25.27,1,0,0
500205,65.49,23.2,28.6,438,72,19.43,1,1,0
501815,45.38,10.1,17.0,231,33,9.24,0,0,0
501603,31.76,9.6,12.4,145,0,0.0,1,0,0
500150,40.17,4.4,17.1,186,7,3.71,1,3,0
500036,57.57,21.6,15.9,338,24,16.85,0,1,0
500167,50.62,,20.6,291,26,7.77,5,1,1
500071,61.42,29.7,,325,31,7.37,1,0,0
501232,47.50,26.3,34.5,196,7,3.28,1,3,1
501836,53.25,31.4,33.7,278,20,0.0,1,2,0
500565,61.75,24.5,33.8,257,22,12.68,0,1,0
501592,64.59,45.8,59.0,206,17,2.43,0,0,0
501009,69.17,31.9,39.3,212,24,8.8,2,0,0
502281,39.03,13.5,10.6,167,0,0.0,0,0,0
501049,58.05,24.0,28.4,294,30,7.26,7,0,1
501560,47.17,16.2,20.6,231,9,6.88,0,3,0
501904,49.21,10.7,13.6,381,35,16.79,0,2,0
500293,66.47,34.4,33.8,378,20,9.0,1,1,1
500653,70.65,32.5,31.9,417,39,12.28,1,0,0
500573,53.91,21.3,21.7,381,44,10.98,0,1,0
501247,67.79,29.2,34.2,368,39,11.99,1,0,1
500317,67.82,30.2,31.1,301,32,12.72,0,0,0
500447,58.06,24.7,32.5,317,26,12.01,2,0,0
502356,50.22,27.1,21.8,248,18,4.68,2,0,0
500013,59.70,16.1,11.1,477,54,17.4,1,0,0
501897,45.29,0.5,5.7,316,19,9.21,0,1,0
500901,53.86,14.2,17.7,353,48,14.02,0,1,0
501293,63.91,30.2,37.3,299,32,12.8,1,0,0
502113,67.22,22.9,26.9,499,54,20.43,1,2,0
501224,32.29,5.4,8.0,133,0,5.1,3,1,0
500063,75.92,43.8,53.0,417,27,10.81,1,0,0
502354,€65.41,14.6,22.3,631,73,30.8,1,0,0
500396,64.67,12.2,17.2,661,68,31.26,1,1,1
501363,42.91,11.6,13.9,235,18,1.68,2,0,0
500060,59.78,11.3,15.3,451,64,22.92,2,0,0
501728,41.65,12.0,21.4,234,8,3.28,1,0,0
501410,50.26,15.6,10.8,252,11,6.12,1,1,0
501942,36.87,4.5,11.9,177,0,0.0,0,0,0
502001,62.25,18.1,23.0,535,61,13.67,1,0,0
502193,52.22,23.6,33.5,283,17,3.64,3,3,1
500906,49.52,15.2,20.2,377,27,11.14,5,0,1
502142,38.27,7.3,11.0,142,14,0.0,0,0,0
502145,38.81,7.2,5.7,242,6,0.0,3,1,0
500523,60.87,23.2,24.1,485,66,17.76,8,3,1
502293,56.48,11.5,10.6,434,47,24.53,2,0,0
500924,71.78,39.2,47.0,254,34,3.45,1,1,1
501069,€41.50,11.5,5.8,125,28,0.94,2,0,0
500562,71.70,39.7,42.9,337,17,3.4,0,0,0
500213,35.49,0.5,,213,20,3.5,0,1,1
501429,47.58,21.2,20.9,243,23,6.59,3,0,0
502172,69.87,16.5,20.7,627,70,26.63,2,1,0
500131,52.29,22.8,32.2,315,31,9.0,2,3,0
500300,45.23,0.5,0.0,562,56,16.77,1,1,1
501680,26.61,0.5,5.6,110,9,2.01,1,0,0
502120,45.71,7.8,11.0,402,29,5.94,2,0,1
501330,28.28,2.0,1.5,162,0,3.02,1,0,0
501831,42.20,6.9,10.1,302,9,8.76,2,1,0
500990,58.49,18.5,23.4,376,44,21.67,1,1,0
500869,52.37,19.0,26.1,209,5,0.0,1,1,0
502386,57.52,27.8,28.8,257,25,6.54,1,1,0
501136,31.53,0.5,0.0,190,13,0.0,2,0,0
501755,61.13,28.0,31.3,300,35,7.81,1,1,0
500657,47.72,12.7,25.0,244,14,9.84,3,1,0
500064,23.13,0.5,0.8,10,0,0.0,2,1,1
500157,59.76,17.4,22.3,473,54,15.13,1,1,0
501870,62.69,29.2,35.7,451,57,15.88,2,1,0
501770,72.47,28.2,36.7,460,57,24.78,1,2,1
500008,49.89,8.7,19.9,370,21,7.05,1,1,0
500416,31.13,0.5,7.6,164,9,0.0,1,0,0
502021,57.05,24.0,31.0,307,26,11.12,7,1,1
501258,50.42,22.6,27.3,316,27,0.0,1,0,0
502059,63.39,19.5,21.4,516,45,19.18,1,0,0
502175,48.60,6.6,11.4,385,37,10.55,1,0,0
500308,74.96,39.8,46.5,323,29,4.37,2,1,0
502085,69.13,29.3,32.5,437,37,11.14,1,3,0
501846,62.41,10.9,20.2,560,56,23.48,1,1,1
500569,55.31,,21.5,402,42,17.4,0,0,0
501150,59.75,13.7,16.5,554,77,25.99,3,1,0
501935,26.56,0.5,0.0,50,0,0.0,1,1,0
501734,64.57,25.6,27.0,451,58,10.3,0,1,0
501610,45.67,13.5,13.6,427,46,11.03,0,2,0
500250,42.95,9.2,13.4,202,9,3.66,2,0,0
501598,47.44,14.5,15.5,159,13,7.89,1,1,0
500326,56.65,6.6,9.0,544,70,23.32,1,1,0
501426,61.01,24.7,36.0,269,28,12.83,2,0,0
500598,80.28,42.0,42.1,426,41,18.17,0,0,0
501488,67.30,26.0,31.0,433,32,8.95,4,3,1
500570,62.15,25.1,25.7,352,31,11.84,4,1,0
502074,38.75,10.0,8.7,191,14,2.13,0,0,0
501390,65.62,10.5,18.1,587,53,20.88,0,0,0
502231,66.05,20.5,10.9,436,39,14.6,2,0,0
500384,37.28,0.9,3.7,234,23,6.52,0,0,0
501504,66.98,21.0,32.4,500,47,14.29,4,2,1
501107,72.25,44.4,50.8,220,27,1.5,0,0,0
500977,67.85,29.4,25.0,333,40,17.4,5,0,1
500211,33.62,0.5,1.7,270,29,0.91,0,0,0
500589,38.86,7.9,9.4,91,0,4.21,1,1,0
500916,40.69,22.6,24.1,27,0,2.49,1,0,0
501339,41.73,21.1,21.0,10,0,0.0,1,0,0
500160,64.87,19.1,12.1,473,48,22.31,0,0,0
501380,€34.17,5.0,9.9,10,0,0.0,2,0,0
502400,76.84,36.3,40.0,430,43,20.32,0,0,0
501103,35.17,1.3,1.7,177,10,3.38,1,1,0
500305,34.08,8.0,4.0,140,2,0.15,0,0,0
500763,€47.16,20.6,28.7,236,22,0.41,3,1,0
502025,55.07,14.2,17.3,451,58,17.25,1,0,0
502112,58.62,28.4,39.4,300,23,4.51,1,0,0
501594,43.56,8.6,17.6,359,45,12.7,1,0,0
500202,60.50,5.7,14.5,593,54,20.06,0,0,0
501226,66.68,40.9,48.7,355,25,8.2,0,0,0
500143,34.69,0.5,0.0,209,21,0.0,1,0,0
500038,72.36,31.5,35.6,436,40,13.23,2,0,0
500311,27.30,7.2,13.9,54,27,0.0,0,0,0
500027,€29.49,4.5,12.5,147,3,0.0,0,1,0
502118,61.12,32.0,34.3,253,7,4.08,1,0,0
500020,44.89,7.4,4.9,247,12,7.5,0,0,0
501532,50.02,14.1,18.5,358,32,8.09,3,0,1
501327,33.59,0.5,6.6,163,16,6.22,0,0,0
500048,37.99,7.4,6.1,185,9,6.18,0,0,0
501352,32.16,0.5,0.0,167,22,4.56,0,0,0
500124,26.78,9.0,3.2,58,0,0.0,2,0,0
501859,68.65,35.8,45.7,447,42,13.91,2,1,0
501110,33.15,3.1,16.5,164,16,1.13,2,1,0
501465,47.90,11.5,11.2,309,30,4.12,2,1,0
500040,44.43,8.4,7.6,255,9,5.6,1,0,0
500530,51.11,,29.7,297,18,1.51,5,0,0
500072,63.45,37.0,41.3,304,31,7.36,1,0,1
501131,50.36,11.5,9.5,373,28,15.19,5,2,1
501399,53.38,24.9,38.7,255,21,2.62,0,0,0
501773,50.41,17.8,23.5,325,30,9.41,0,1,0
502377,45.53,15.2,13.1,131,4,0.0,0,0,0
501774,40.67,10.6,14.8,242,25,6.99,1,1,0
501165,41.33,7.8,9.6,183,19,4.35,1,1,0
500795,53.61,19.9,26.2,260,20,7.45,5,0,1
501099,69.07,21.0,15.8,521,44,20.98,1,1,0
501652,52.35,11.5,7.7,390,15,12.16,1,0,0
501415,€60.22,22.8,26.3,445,64,19.56,2,0,0
501147,58.47,29.4,34.1,182,0,0.0,1,1,0
500725,36.40,7.3,18.5,238,27,11.51,3,0,0
501982,€44.12,12.3,23.2,231,6,6.88,1,0,0
500872,53.23,16.2,13.3,414,46,21.75,1,1,1
501109,63.83,38.3,49.1,193,22,6.21,2,1,0
501639,42.43,0.5,0.0,322,18,8.26,0,0,0
500778,71.21,40.5,45.1,220,11,9.23,2,0,0
501582,85.30,41.0,48.2,585,85,26.68,0,0,0
501657,36.64,13.7,10.4,42,0,0.0,1,0,0
501768,38.29,15.7,26.1,167,4,0.0,1,0,0
501900,58.96,25.4,29.4,301,40,18.88,1,2,1
501479,65.80,20.7,20.5,597,66,19.51,0,1,0
500225,63.81,21.8,42.9,411,33,9.72,0,1,0
501334,63.65,18.6,23.9,503,57,24.28,1,0,0
500247,55.53,25.5,29.4,306,35,4.69,0,0,0
501589,42.91,6.1,11.7,377,42,8.84,0,0,0
500635,67.01,28.9,35.1,352,42,16.72,1,1,1
501458,56.52,27.6,27.2,252,2,0.99,2,2,1
501713,67.58,37.6,38.1,219,9,2.84,1,0,0
501806,80.29,37.7,45.2,363,39,13.78,1,0,0
500042,33.52,0.5,6.8,117,2,0.04,0,0,0
501513,58.44,21.6,25.0,453,54,13.58,4,0,0
502108,58.45,25.6,29.2,316,11,0.0,0,0,0
500294,53.02,27.0,36.1,184,12,0.0,2,0,0
500846,43.89,11.0,14.7,381,21,8.78,6,3,1
599008,56.05,21.4,33.9,378,27,16.44,3,1,1
500838,32.17,9.4,16.6,15,0,0.0,2,0,0
501068,46.77,11.6,16.0,260,18,3.86,3,1,0
502344,45.96,6.1,6.9,491,76,18.01,2,0,0
500289,45.67,23.7,26.0,215,10,0.44,1,0,0
500987,41.97,17.3,19.3,137,0,1.2,1,1,1
502399,67.18,18.0,30.3,469,45,19.0,5,1,0
501025,43.52,7.4,12.7,238,20,8.67,0,0,0
501503,72.48,31.5,39.8,417,43,14.97,0,0,0
501908,61.51,42.8,50.5,254,17,0.27,1,0,0
501858,56.13,8.0,13.5,569,77,25.56,1,0,0
500183,48.46,15.7,21.0,205,13,9.72,3,1,0
500149,34.84,2.2,11.2,185,18,5.29,1,0,0
501387,40.28,10.4,14.0,227,19,7.32,0,1,0
500421,42.52,7.3,20.9,357,20,4.41,1,0,0
500715,43.01,13.2,21.9,171,0,0.0,2,1,0
501559,61.22,22.6,,465,53,20.78,0,0,0
500493,61.02,6.7,11.9,533,46,22.91,0,1,0
500175,70.79,33.8,39.5,306,35,15.07,3,1,0
501265,44.01,,18.7,180,6,9.02,2,0,0
501796,64.66,13.3,17.7,608,74,29.11,0,0,0
500611,50.80,16.9,22.4,291,18,6.79,0,0,0
501406,35.77,9.9,11.4,135,0,0.0,0,0,0
501865,53.63,26.1,30.0,229,26,12.11,3,2,0
500495,52.91,17.7,21.0,361,29,13.36,1,3,1
500925,64.18,36.4,49.6,300,21,9.49,4,0,0
500231,42.83,10.8,10.9,190,0,3.34,0,0,1
500583,€33.12,0.5,0.0,247,22,11.07,0,0,0
501061,48.87,19.2,25.0,278,27,8.83,8,1,1
502134,48.64,24.9,27.9,146,5,5.43,1,1,0
500206,59.27,8.0,15.9,601,70,27.03,3,0,0
500661,73.24,37.4,39.0,333,35,4.26,0,0,0
500783,55.75,14.0,22.3,410,28,14.1,1,1,1
501440,44.86,12.3,17.8,210,0,0.0,0,2,0
501508,52.45,16.1,14.9,290,42,11.66,0,0,0
500698,65.52,30.5,30.9,317,37,19.18,0,0,0
500507,58.28,25.5,35.0,277,0,6.95,1,0,0
501184,83.98,38.3,46.5,450,38,24.82,1,0,0
501389,73.36,37.1,38.8,421,46,13.24,1,2,0
501518,64.07,29.3,41.0,215,38,9.68,3,2,0
501967,35.51,0.5,0.0,190,12,7.68,0,0,0
501523,56.41,18.1,31.0,390,28,12.99,3,0,1
500836,49.20,5.1,0.7,459,36,18.24,1,2,0
501981,57.14,22.7,24.1,236,34,5.43,4,1,0
500866,37.35,1.0,9.5,199,0,4.23,1,1,0
500378,61.10,26.1,21.5,206,13,7.68,0,0,0
502148,56.07,11.0,12.4,492,55,25.25,4,0,1
500417,63.54,25.1,34.7,479,68,18.59,1,0,1
500558,41.95,3.5,12.0,190,8,7.5,2,0,0
599007,48.44,17.0,5.3,307,39,5.46,1,1,1
500704,72.80,36.3,41.7,369,22,12.37,1,0,0
502114,26.99,0.5,6.4,97,0,0.0,3,0,0
500920,72.26,17.4,20.2,680,76,27.42,1,0,0
501404,35.98,7.5,12.3,311,20,7.89,1,0,0
501890,52.15,8.5,5.0,529,71,20.71,1,0,0
501270,51.75,11.7,13.6,280,31,15.02,1,1,0
501973,43.74,5.2,1.7,278,18,4.4,1,2,0
500394,76.93,36.1,38.9,443,41,7.83,4,0,1
501118,46.02,22.6,28.5,114,0,0.0,1,1,0
500913,56.03,8.3,22.1,489,49,16.88,0,0,0
501845,57.08,11.7,24.1,505,51,27.72,2,0,0
502270,72.98,29.5,26.3,641,75,23.43,0,0,0
501552,65.50,35.8,42.7,219,16,10.61,1,0,1
500804,51.43,,21.0,176,22,5.47,0,0,0
501789,67.33,34.8,37.0,349,29,8.31,1,0,0
502376,29.03,0.5,3.7,159,4,0.0,0,0,0
501750,30.29,3.7,2.0,66,3,0.4,1,0,0
501819,60.29,32.4,43.7,245,15,3.35,2,0,0
501759,41.97,15.0,11.9,207,18,1.03,4,1,1
500921,61.01,33.4,40.6,295,21,9.82,1,1,0
501673,52.25,16.7,22.0,304,14,7.29,5,0,0
500410,71.21,23.0,23.9,512,55,17.81,0,1,0
501420,41.53,0.5,7.1,441,25,3.24,0,0,0
500419,33.80,2.8,8.4,117,11,3.37,0,0,0
500903,73.36,33.9,35.7,352,37,11.87,2,2,0
502198,59.86,14.1,19.6,452,30,10.04,0,0,0
501105,58.08,14.7,17.0,501,61,20.22,2,0,0
502079,61.65,28.9,27.7,246,32,6.92,3,0,1
501164,35.99,0.6,4.3,159,8,6.0,3,0,0
501626,51.11,19.3,20.6,485,43,8.27,1,0,0
501579,33.07,0.5,0.0,165,12,0.0,1,1,0
500619,51.08,22.3,28.1,246,14,6.61,0,1,0
500296,54.58,20.1,28.3,256,14,5.63,0,0,0
500039,44.00,14.3,19.0,244,28,3.97,1,0,0
500482,71.27,44.5,52.1,181,0,8.85,1,0,0
501126,40.77,5.8,7.7,345,37,7.96,1,1,0
501439,57.89,32.8,43.9,221,14,3.29,1,1,0
501627,25.82,0.5,0.0,174,0,0.0,0,1,0
502199,53.25,26.3,38.8,269,35,7.85,2,0,1
501386,52.72,30.1,33.1,209,23,4.75,4,1,0
500147,36.05,0.5,4.4,219,16,6.37,0,0,0
502287,58.58,12.2,23.6,646,72,29.29,1,1,0
501474,58.57,20.0,24.3,391,30,6.6,0,0,0
501177,49.09,10.4,13.7,415,62,16.42,0,1,0
500389,66.44,41.4,51.4,186,9,4.13,0,0,0
502207,63.68,28.5,30.2,262,7,4.83,2,1,0
501221,46.96,15.0,15.5,253,10,3.26,2,0,0
501811,45.92,10.6,12.3,218,24,8.51,1,4,1
500851,61.17,37.3,47.2,273,18,5.22,0,1,0
501215,29.41,2.3,4.3,98,0,0.0,2,0,0
500377,42.87,10.1,10.1,192,28,7.86,3,3,0
501054,59.87,28.4,35.2,449,38,10.68,0,0,0
500287,61.57,21.6,32.4,532,70,19.91,0,0,0
500129,72.64,35.0,43.8,435,53,16.58,1,0,1
500441,60.94,14.4,27.6,550,56,19.15,0,0,0
500408,67.57,25.9,25.1,518,52,18.5,1,0,0
500483,47.86,22.6,19.5,139,12,0.0,0,0,0
500304,71.10,38.6,39.0,379,49,16.35,1,1,0
502230,45.66,13.5,10.1,164,1,0.15,3,0,0
501949,56.57,25.2,28.3,220,13,4.97,3,1,0
501787,65.56,35.9,40.5,308,30,11.7,1,1,0
501615,63.05,9.4,11.8,559,50,23.25,0,0,0
500006,66.69,11.4,16.0,500,67,18.92,2,0,0
501590,58.08,23.6,28.3,362,41,7.34,5,1,0
501952,60.05,23.8,24.7,280,38,7.19,3,2,1
501175,61.05,11.8,16.5,522,37,21.17,0,0,0
501214,35.19,10.6,12.4,10,0,0.0,1,1,0
501940,67.06,17.3,23.7,632,70,31.31,1,0,0
500451,55.88,18.6,21.3,399,49,13.93,7,2,1
500104,€67.71,42.6,45.7,66,0,0.0,2,0,0
501506,38.47,3.8,3.4,205,0,0.0,2,1,0
501124,46.12,16.4,15.4,298,14,6.1,1,0,0
501022,58.15,33.2,46.0,263,0,0.0,3,1,0
501798,69.51,38.6,55.1,277,6,3.0,0,0,0
500291,62.81,37.1,46.1,324,22,2.73,1,1,0
501291,47.52,2.4,2.4,488,47,19.42,0,0,1
500472,59.62,10.3,14.7,629,61,21.92,1,1,0
501393,39.49,10.0,5.8,254,14,4.2,1,0,0
500856,74.90,29.2,24.3,387,49,14.22,0,0,0
502024,34.42,2.9,3.3,229,18,3.67,0,0,0
501183,61.76,27.3,41.2,222,0,2.36,3,0,0
502168,37.71,5.4,0.5,259,6,3.78,0,0,0
502322,28.85,0.6,0.0,131,0,0.0,0,0,0
502278,55.57,14.8,30.1,252,13,9.15,1,3,1
501088,44.64,11.3,16.1,209,28,6.05,0,0,0
501577,73.12,42.2,45.9,297,30,6.23,1,0,0
501111,69.58,33.7,34.2,432,27,7.33,3,1,1
500512,50.63,24.8,28.3,326,28,6.47,1,0,0
500088,58.44,18.0,21.6,518,57,22.65,1,0,0
501349,33.27,3.0,2.2,176,10,0.21,0,1,0
500794,46.89,13.1,11.2,288,4,5.02,1,0,0
500224,64.44,31.7,40.5,259,32,4.87,2,0,0
500682,61.68,33.3,41.3,246,32,7.71,0,0,0
500200,61.33,19.5,14.9,394,29,7.92,1,0,0
502309,38.74,3.5,2.3,216,2,0.0,0,1,0
500720,45.54,8.4,16.8,353,38,5.54,1,3,0
500922,66.03,29.6,31.7,341,24,10.97,0,1,0
500773,53.71,10.1,20.0,470,39,15.62,3,0,0
501525,62.79,25.8,25.2,463,60,19.54,1,0,0
501425,56.75,31.1,33.0,199,28,2.9,0,0,0
500290,47.89,13.6,21.9,412,59,17.08,1,1,0
500118,66.76,32.8,46.2,274,17,3.23,0,0,0
501827,66.14,45.6,50.6,264,35,5.89,1,1,0
500947,57.12,27.7,27.6,291,42,7.56,0,0,0
502294,42.36,0.5,1.7,359,34,18.5,0,1,0
599002,54.95,34.5,21.5,306,50,14.19,0,1,0
501209,€48.25,15.4,17.1,352,23,2.65,0,0,0
501556,51.46,19.4,26.7,222,15,1.35,1,0,0
500271,40.60,12.5,7.3,278,12,3.39,1,0,0
501161,44.66,8.3,10.1,309,20,6.64,1,1,0
500196,65.89,34.7,39.6,181,11,0.0,4,0,1
501414,75.18,47.7,54.6,366,28,15.46,1,0,0
500613,68.32,27.9,33.8,573,72,19.68,2,1,0
501814,65.50,11.8,10.5,657,77,29.29,1,0,0
502366,47.46,16.4,16.9,202,13,5.78,2,0,0
500544,44.24,6.8,8.7,369,36,10.73,2,0,0
501444,67.29,35.1,31.7,284,28,9.76,1,1,1
500813,52.58,15.6,17.7,356,29,7.92,6,2,1
501726,58.49,31.9,41.9,149,4,2.57,0,1,1
501308,39.74,6.2,4.9,246,9,5.2,1,0,0
500636,€56.06,26.3,30.1,212,18,5.29,4,2,1
501849,48.42,14.0,22.9,352,11,8.13,1,0,0
501825,47.89,13.2,20.3,290,15,3.92,0,1,0
500230,58.04,27.8,26.5,302,17,10.06,1,1,1
500888,75.29,49.6,50.7,205,12,4.89,0,0,0
500125,37.26,13.4,17.2,146,16,0.0,2,1,0
501168,56.36,15.5,14.8,411,42,19.14,3,3,1
502070,71.94,33.7,41.0,359,39,10.62,1,0,0
500388,55.04,14.3,14.3,468,47,16.63,5,0,1
500741,63.66,13.1,13.0,547,62,23.18,1,1,0
501790,33.81,0.5,1.5,163,13,3.79,0,1,0
502119,41.43,9.1,8.5,251,22,0.0,0,0,0
501466,27.88,6.0,8.5,75,8,0.52,1,1,0
501040,36.20,2.8,5.5,258,24,2.8,2,0,1
501698,60.90,32.3,43.4,414,42,17.78,0,1,0
500681,36.77,0.5,0.0,345,25,8.18,0,0,0
500737,36.53,2.6,6.2,255,13,2.96,0,0,0
501249,€58.57,22.4,25.5,253,30,7.98,1,0,0
500108,68.73,29.7,41.9,477,51,14.44,3,2,1
502310,57.57,26.8,31.5,181,4,4.01,0,0,0
500184,58.31,21.8,32.8,417,55,13.65,2,1,1
501287,73.48,14.6,17.4,627,75,25.48,1,0,0
501158,67.48,27.5,28.7,399,53,11.68,1,1,0
502197,24.52,0.5,2.2,129,3,0.0,3,1,0
500263,58.90,33.6,45.2,182,0,0.0,0,0,1
501718,58.50,35.6,35.2,188,18,8.26,0,1,0
500952,37.08,5.5,13.0,200,9,9.38,1,0,0
501423,€70.43,31.9,44.8,361,43,13.72,1,0,0
501696,47.15,14.4,10.7,357,28,6.84,1,1,1
502190,65.70,18.0,16.3,559,66,20.57,1,2,0
501510,42.54,1.0,5.4,400,25,14.83,1,1,0
500691,33.81,7.9,8.9,100,0,0.0,0,1,0
500863,37.58,0.5,0.0,266,33,4.61,1,0,1
501863,70.95,38.3,39.5,227,20,1.94,2,0,0
502048,64.48,39.8,38.5,247,33,11.87,2,0,1
502177,71.54,24.2,24.5,619,87,24.76,1,0,0
501299,69.26,29.1,25.4,409,53,18.71,0,0,0
501125,35.62,5.7,3.8,212,17,2.73,1,1,0
500705,41.42,12.9,16.8,210,17,5.79,1,0,0
501490,59.82,29.2,36.5,240,24,7.6,1,0,1
501861,33.28,3.2,7.3,83,0,2.6,0,1,0
501084,59.47,18.5,4.7,379,35,14.18,1,0,0
502343,44.04,16.6,27.3,221,8,0.25,0,0,0
501704,41.35,15.7,31.7,185,0,6.53,1,0,0
501605,42.13,9.3,14.6,250,14,1.81,1,0,0
500277,29.17,4.7,5.5,45,0,0.0,2,0,0
500101,57.77,11.8,17.7,503,52,17.8,0,1,1
500999,29.33,4.3,8.8,133,21,0.0,4,1,0
500858,70.29,18.1,26.9,682,76,26.52,1,1,0
502139,48.64,29.3,28.7,58,0,0.0,2,0,1
500552,47.22,18.9,22.3,95,0,0.0,0,0,0
500721,62.73,28.6,38.8,358,41,12.04,1,0,0
501957,53.95,11.6,10.2,320,38,15.65,0,0,0
500310,53.40,22.3,30.7,172,10,3.1,1,0,0
502394,40.24,9.0,10.4,124,11,0.0,0,0,0
501659,39.53,20.7,19.4,122,0,0.0,2,1,0
501883,67.47,19.2,18.3,658,70,28.59,0,0,0
500517,56.90,23.4,28.5,262,18,10.42,1,0,0
500152,44.27,21.1,22.9,137,0,2.47,3,2,0
500251,52.01,15.9,14.9,315,38,12.21,3,0,0
500758,43.13,17.2,27.2,196,14,11.58,4,2,1
500711,33.55,3.5,8.7,190,2,0.55,0,3,0
500993,62.51,21.2,24.5,503,45,18.8,1,0,0
500435,38.50,15.2,16.9,117,4,1.44,3,0,0
500672,55.31,17.4,21.3,493,56,14.36,1,0,0
500854,36.11,7.0,7.7,197,0,4.88,0,1,0
500156,25.17,0.5,1.5,184,0,1.13,0,0,0
501402,53.16,20.8,17.8,291,34,8.73,2,0,0
500550,57.61,22.6,32.8,326,19,12.3,2,2,1
501648,50.17,5.4,11.5,624,74,22.33,0,0,0
501793,40.76,5.5,13.4,148,10,0.0,1,1,0
502200,46.78,,23.3,302,33,10.83,3,0,1
500346,57.70,24.7,35.3,372,18,9.71,1,0,0
501491,55.77,1.6,2.6,635,91,29.47,1,1,0
501156,43.26,11.7,18.9,299,37,12.39,0,0,0
501134,58.02,17.7,20.5,408,45,15.48,1,1,0
501912,49.45,15.2,16.6,322,33,8.4,0,1,0
501431,36.34,5.0,0.0,75,3,0.0,1,0,0
501011,50.21,15.8,29.8,386,27,8.58,0,0,0
502098,38.03,16.7,21.0,57,0,2.27,0,0,0
501181,26.73,0.5,0.0,124,21,3.51,1,0,0
501207,30.60,0.5,0.0,205,0,0.0,2,0,0
502086,59.23,30.9,31.7,276,18,9.68,2,2,0
501289,58.07,17.6,16.1,368,47,13.49,0,0,0
501451,67.38,31.8,36.2,343,40,16.59,0,0,0
500428,44.40,4.0,0.0,258,28,3.16,3,0,0
501715,71.21,38.0,44.3,325,32,8.85,0,2,0
500506,37.76,6.3,17.6,220,27,1.37,0,1,0
500424,56.33,8.2,6.6,669,70,24.47,0,0,0
500975,59.01,22.3,23.9,334,45,15.66,0,0,0
500318,68.64,33.6,38.6,384,27,5.38,1,2,1
500126,€43.41,15.3,20.7,83,0,0.0,0,0,0
501328,48.74,18.2,26.3,199,13,12.62,2,3,1
500367,58.86,16.6,24.7,517,48,16.22,1,1,1
500515,68.83,41.3,59.4,314,27,11.22,0,0,0
501045,54.09,23.7,30.0,263,11,0.0,0,1,0
502275,55.58,22.8,34.8,381,30,6.49,6,1,1
502306,35.50,5.9,0.0,134,21,4.63,0,1,0
501923,40.19,17.3,18.9,182,4,5.5,0,0,1
501052,48.69,15.4,21.5,244,8,5.79,1,0,1
501469,55.31,19.3,23.0,299,30,10.47,0,0,1
500944,37.39,7.4,18.1,235,2,0.0,2,0,0
500140,64.03,15.1,18.0,612,57,27.64,0,0,1
500429,44.38,16.7,13.8,161,15,0.57,2,2,0
500449,64.75,14.7,19.8,576,63,20.35,1,0,0
500007,45.65,23.4,32.2,144,1,2.05,1,0,0
500853,62.57,28.2,34.5,363,32,4.44,0,0,0
501438,41.12,4.8,14.7,220,23,3.02,2,0,0
501023,35.71,0.5,0.0,151,17,4.42,0,0,0
501747,51.32,7.9,19.7,533,69,24.64,0,0,0
502026,48.26,14.9,13.5,282,14,5.77,0,0,0
500052,55.91,23.0,37.9,200,8,3.65,1,0,0
502050,54.26,,36.4,332,16,9.48,1,1,0
501857,70.88,39.8,33.6,317,27,11.86,0,0,0
500703,58.10,25.9,29.6,228,7,0.43,3,0,1
502380,59.89,21.1,30.5,389,44,10.79,1,0,0
500827,55.81,19.3,17.0,308,31,5.02,0,1,0
500833,56.58,19.4,18.3,378,36,11.88,1,1,0
500272,52.09,20.4,29.4,266,26,7.99,5,0,1
500228,67.31,32.8,36.5,327,30,11.61,5,1,0
500600,29.49,3.6,3.3,106,9,5.64,1,1,0
500586,70.45,21.3,27.0,533,51,20.38,0,0,0
502358,57.96,24.9,27.8,342,40,16.71,3,1,0
501917,44.67,4.7,7.0,403,30,13.2,2,0,0
502332,64.58,20.7,27.8,454,44,11.35,0,0,0
501029,62.13,24.3,31.9,384,53,21.7,1,0,0
501288,35.09,2.1,3.8,213,3,3.46,0,0,0
500557,74.78,48.8,44.7,274,21,5.48,0,1,0
502220,48.16,18.6,17.3,72,3,5.77,1,1,0
501509,60.52,18.7,19.5,465,51,9.44,0,1,0
501211,78.65,41.6,40.6,485,49,19.72,6,0,0
501614,38.81,14.6,16.9,177,4,0.37,3,0,0
501065,74.38,23.2,31.1,596,78,27.17,0,1,0
501839,63.19,32.6,39.7,190,7,5.61,2,0,0
500082,51.39,8.9,16.7,467,49,15.0,0,0,0
501893,78.64,25.5,25.2,653,81,29.27,0,0,0
500883,51.06,13.8,10.7,316,18,9.55,1,1,0
502038,67.11,24.0,27.9,550,49,21.86,1,1,0
502149,38.29,14.0,12.4,99,18,3.94,2,2,0
501344,68.68,36.3,42.3,323,27,14.68,1,0,0
500749,63.12,32.2,47.5,323,39,9.62,1,0,0
500219,67.79,39.0,,253,6,0.32,0,0,0
500890,71.86,32.7,30.7,391,37,14.44,2,1,0
500641,55.25,13.9,23.3,453,71,22.29,1,1,0
500986,56.44,11.8,1.4,506,61,23.44,0,0,0
502328,50.42,11.9,24.7,270,21,4.46,2,2,0
501195,49.40,14.9,21.0,353,36,8.25,0,0,0
501317,31.16,9.1,13.0,72,0,3.98,0,0,0
500701,72.28,34.3,38.9,451,41,15.54,0,2,0
500817,66.41,20.5,13.5,584,73,18.34,1,0,0
500137,58.42,10.0,20.0,593,68,21.15,0,1,0
500331,40.04,10.0,14.5,271,27,6.68,2,0,0
501159,40.19,6.0,13.7,289,13,0.0,0,0,0
501236,36.16,11.6,9.5,98,4,1.04,0,0,0
500892,55.91,17.3,29.3,416,40,18.92,0,0,0
501251,70.31,42.7,41.9,256,11,0.85,0,0,0
502125,58.47,21.6,,300,48,9.24,1,0,0
502195,64.60,33.1,36.3,308,33,5.41,2,2,0
501964,33.54,2.4,8.3,179,1,4.92,0,0,0
500612,39.31,17.1,16.8,73,0,0.0,1,0,0
501086,72.02,15.4,13.9,678,71,35.7,1,0,0
501403,60.56,13.9,18.0,602,54,19.11,0,0,0
501551,33.10,7.4,11.5,120,0,0.0,0,0,0
501888,46.18,4.4,6.3,308,27,7.88,1,0,0
501637,71.48,29.3,33.6,449,57,16.41,3,0,0
501013,57.61,31.8,31.6,214,12,0.46,1,0,0
501057,62.29,19.8,21.8,549,59,17.62,3,0,0
501079,35.11,13.3,12.9,69,0,0.0,1,1,0
500876,65.17,33.4,38.3,333,35,11.98,0,0,0
500025,71.79,35.4,42.5,299,21,10.33,2,0,0
500151,54.43,16.2,19.4,469,38,17.11,3,2,0
599010,36.41,38.8,11.4,488,20,5.86,1,1,0
501067,54.64,26.1,29.3,76,0,0.0,0,0,0
502046,49.24,25.0,26.7,118,3,0.0,1,0,0
502389,72.34,12.7,17.1,716,90,28.08,0,0,0
501538,56.29,27.7,35.9,241,20,7.36,1,0,1
502028,56.84,14.9,20.7,483,46,15.44,2,1,0
501682,65.68,31.7,32.9,294,38,14.09,0,0,0
501437,72.32,41.8,49.0,254,32,10.32,0,0,0
501368,47.13,11.4,17.3,226,1,0.0,2,0,0
501722,58.57,,12.9,598,58,22.09,0,0,0
500078,39.44,5.4,8.1,284,23,6.36,0,1,0
501884,23.11,0.5,0.0,10,0,0.0,1,0,0
500948,41.25,16.1,,255,37,7.56,1,0,0
501273,44.44,,9.3,388,39,6.71,0,0,0
500368,34.23,0.5,0.0,227,20,4.79,1,0,0
501655,30.71,0.5,6.8,194,11,0.0,1,1,0
501206,72.72,,19.9,742,97,31.12,1,0,0
501381,75.43,37.2,42.1,357,35,10.76,1,0,0
501584,39.80,12.4,7.7,264,11,4.63,4,3,1
500508,40.41,,2.1,301,12,4.68,2,0,0
501687,81.90,26.3,28.7,741,73,25.2,0,0,0
501376,67.35,25.5,26.5,434,45,15.88,7,3,1
500513,43.52,10.6,,244,15,6.52,4,1,1
502209,39.85,14.5,15.8,251,24,9.38,1,0,1
501167,54.26,14.7,16.7,445,53,19.76,1,0,0
500127,54.99,10.9,20.4,425,40,21.15,3,0,0
502151,65.88,37.5,36.2,365,31,10.76,1,0,0
502351,35.93,4.4,1.3,195,2,1.59,0,1,0
501561,30.80,2.4,7.6,130,1,0.24,3,1,0
501633,42.25,2.6,7.4,264,12,2.41,1,1,0
500433,34.00,6.4,8.5,95,0,2.56,1,1,0
500204,60.93,10.6,14.0,587,81,28.96,1,0,0
501145,64.60,11.7,9.2,655,74,32.84,1,0,0
500242,70.77,23.2,28.0,330,27,10.88,3,0,1
501934,€55.64,27.1,37.9,262,42,6.86,5,0,0
500560,60.94,38.1,49.8,133,0,0.0,0,0,0
599006,45.58,23.4,35.9,341,53,14.85,3,1,0
501392,82.22,21.9,26.1,771,95,29.56,0,0,0
501795,62.50,27.6,43.6,421,36,14.56,3,0,1
501313,61.53,13.4,14.8,610,61,13.6,0,2,0
501456,60.49,24.3,37.2,345,33,15.52,2,1,0
502326,67.96,38.4,45.0,284,27,4.12,1,1,1
501459,72.82,30.4,36.2,434,60,13.16,3,0,0
501990,30.94,6.8,13.3,21,0,0.0,1,0,0
500629,59.31,19.5,18.3,348,30,11.04,4,0,0
501802,27.89,2.7,1.8,54,0,0.0,1,0,0
500896,58.73,17.5,21.1,471,52,17.06,1,1,0
501989,35.10,4.1,10.9,183,3,0.0,0,0,0
502176,50.41,22.4,34.5,133,0,0.0,0,1,1
500632,67.07,30.0,37.2,483,49,16.53,2,0,1
500050,56.98,20.4,24.2,267,12,9.66,1,1,0
501754,51.89,18.5,23.5,242,16,4.11,3,1,1
501919,34.98,14.0,18.6,10,0,0.0,0,0,0
502272,52.53,19.2,9.4,311,15,10.17,1,2,1
501227,46.88,12.8,18.3,387,26,13.71,0,0,0
501678,65.29,32.4,,310,27,14.71,0,0,0
500117,37.12,14.8,17.8,194,2,0.0,1,1,0
501838,62.05,31.2,23.8,236,23,7.22,0,1,0
501252,36.12,7.5,2.7,185,10,4.88,1,0,0
500803,50.57,15.7,14.5,352,28,1.38,1,1,0
502308,52.61,12.6,19.5,253,15,9.45,0,0,0
502276,55.89,20.8,25.4,224,8,2.22,2,0,0
501237,52.22,17.9,27.3,301,43,11.83,0,0,0
500910,71.46,25.3,30.5,521,62,20.12,1,0,0
500074,62.39,30.7,27.8,338,46,8.67,3,0,0
500815,29.88,4.0,4.9,157,0,0.21,1,0,1
500909,71.58,25.2,29.9,492,59,15.66,0,1,0
500114,32.69,0.8,2.2,171,17,2.06,1,0,0
500172,44.52,15.7,24.6,204,17,1.51,0,0,0
500761,52.47,18.9,,349,37,14.21,3,1,1
500223,64.10,20.4,27.9,512,74,23.81,1,0,0
501144,38.42,8.0,13.8,158,17,4.2,0,0,0
500772,51.46,16.7,31.8,387,38,10.57,0,1,0
500522,66.46,36.7,33.6,347,31,10.97,10,1,1
500153,67.53,39.7,40.8,305,27,1.17,1,0,0
502191,€39.84,8.5,12.3,409,41,14.15,1,1,0
500415,64.43,30.0,34.6,270,29,7.58,0,0,0
500727,40.13,11.6,16.1,316,24,9.44,4,1,1
500687,57.69,25.8,26.6,341,29,12.0,2,2,1
502023,51.30,15.4,18.9,373,43,9.34,1,0,0
502261,33.05,0.5,0.0,324,9,3.95,1,0,0
502104,57.93,37.5,32.4,188,9,1.96,5,1,1
501257,62.67,30.7,34.2,376,42,8.08,3,1,1
501742,68.47,18.9,22.2,487,60,16.85,2,0,0
502092,58.58,12.2,17.4,511,60,22.72,0,0,0
500967,60.54,29.4,40.8,342,27,9.69,1,0,0
502330,49.13,20.7,23.9,158,8,4.59,0,1,1
500620,€35.37,5.3,3.2,130,2,3.19,1,0,0
500875,69.22,35.0,35.7,320,17,8.28,0,0,0
500618,79.03,23.8,,677,75,27.48,0,0,0
501427,53.89,17.5,13.1,507,59,10.26,1,0,0
501119,47.12,21.8,25.9,176,11,1.09,0,0,0
501371,56.89,,37.1,337,26,15.85,3,2,0
500430,55.37,20.2,31.7,313,36,12.85,6,0,1
500683,80.50,28.9,35.6,640,63,28.65,1,1,0
501182,54.24,15.3,21.0,474,63,14.01,0,0,0
500191,38.12,,17.4,234,0,11.15,2,1,0
500537,61.20,23.1,,383,54,11.15,1,1,0
500937,74.24,40.0,54.3,270,19,5.43,0,0,0
501042,57.88,29.2,35.1,286,25,8.7,4,0,0
502334,63.54,23.6,29.6,492,56,13.55,2,0,1
501575,62.37,17.7,23.5,582,71,22.28,2,0,0
502189,47.18,18.5,24.6,165,7,7.84,2,1,0
500032,52.54,20.6,20.2,302,27,2.77,4,0,1
501769,38.33,4.1,,229,24,4.77,0,0,0
501066,66.71,23.8,24.3,455,51,19.8,7,0,0
500642,73.21,42.0,46.9,233,21,7.9,1,0,0
502259,46.61,14.2,20.2,240,16,3.33,2,1,0
501248,36.96,0.5,1.7,231,26,10.38,0,0,0
500274,64.95,8.1,12.2,674,83,31.2,0,0,1
500315,70.40,27.7,38.5,424,48,17.81,5,0,0
501127,59.58,25.1,23.1,309,32,6.92,0,0,0
501220,46.40,16.2,12.8,152,5,0.39,2,1,1
501189,71.44,18.3,19.2,696,87,32.52,1,0,0
500834,45.74,12.4,16.7,219,39,6.91,2,0,0
502364,62.34,22.5,26.7,463,38,14.62,2,4,1
500110,45.33,13.3,14.0,219,8,4.72,1,0,0
502379,72.35,35.4,39.5,331,26,12.96,0,0,0
501638,57.35,24.7,36.8,293,17,6.13,0,0,0
501263,34.86,4.0,3.4,164,8,9.24,1,0,0
500465,29.63,6.5,0.0,140,4,5.86,1,0,0
501695,58.32,11.5,18.9,499,52,17.83,0,2,0
500718,56.90,24.3,27.6,397,35,15.65,0,0,1
502202,68.58,29.8,31.8,434,57,21.17,1,0,0
500094,55.27,18.1,29.5,329,35,5.95,2,1,0
500829,59.51,19.4,16.6,325,34,9.54,7,1,0
502307,68.74,19.0,23.4,593,70,25.12,0,0,0
500868,29.83,0.5,2.7,163,10,4.38,1,0,0
500882,56.13,10.5,,514,49,23.46,1,0,0
501039,80.74,35.0,42.2,659,73,24.83,1,0,1
500145,54.23,23.3,29.2,278,12,3.4,4,1,0
501333,41.39,10.8,11.2,240,25,7.73,5,0,1
500165,49.38,24.4,22.5,215,17,3.69,0,0,0
501709,€76.88,44.7,48.2,337,49,11.41,3,0,1
500874,39.36,8.6,13.1,105,0,0.0,0,0,0
501817,€26.82,0.5,0.0,175,13,3.15,1,1,0
500625,67.17,16.5,18.5,637,77,23.65,1,1,0
500578,35.26,0.5,8.5,187,13,0.0,2,1,1
500722,60.42,6.6,7.0,580,65,25.34,0,1,0
502137,64.07,30.5,41.0,283,28,8.92,2,0,0
500945,38.35,5.6,11.3,231,10,8.15,1,0,0
500334,68.90,21.7,22.4,468,49,16.56,0,0,0
500587,€27.34,0.5,0.0,201,18,3.6,0,0,0
500870,72.25,42.3,41.1,246,7,5.47,3,0,0
500939,62.21,34.8,35.7,193,17,6.67,0,0,0
501015,66.44,41.5,43.4,140,0,3.22,1,0,0
500965,56.02,21.9,31.3,412,32,10.33,1,0,0
500248,30.15,0.5,0.0,187,7,0.0,0,0,0
500328,62.46,31.5,40.8,292,46,12.88,1,0,0
500800,33.33,2.9,9.8,172,0,1.58,0,1,0
501499,49.48,18.8,31.8,233,19,9.22,0,0,0
502234,60.65,24.0,30.3,383,36,17.68,2,2,0
501325,52.11,20.5,25.0,292,14,0.69,0,1,0
501620,66.58,18.6,24.1,510,67,21.09,0,0,0
502299,47.33,7.4,17.8,389,35,10.4,2,0,0
500894,56.05,26.7,29.1,252,23,1.31,8,3,1
502314,58.31,33.2,38.1,208,12,3.57,0,0,0
501044,63.40,18.8,,530,51,26.55,1,1,0
501907,65.79,41.6,57.2,309,19,11.33,0,0,0
500897,72.47,21.6,,492,40,17.21,3,1,0
502003,46.75,16.7,13.1,251,5,2.48,3,0,1
502153,49.89,9.9,19.0,294,37,7.63,2,0,0
500857,59.10,29.9,34.9,169,11,9.81,4,1,1
501748,43.27,7.0,7.5,366,51,13.6,2,0,0
501225,62.24,,38.0,222,11,3.97,2,0,0
501775,63.05,33.0,38.0,256,19,0.0,1,0,0
500259,35.06,2.3,5.9,366,23,11.06,4,4,1
500239,58.90,35.8,41.6,255,17,1.63,1,0,0
501984,55.23,21.4,30.1,418,30,9.84,4,0,1
500350,61.08,11.7,17.9,417,28,13.19,1,0,0
500345,64.27,18.8,24.9,510,59,17.6,1,0,0
501914,65.01,17.3,28.3,521,43,17.11,6,2,1
501004,68.65,36.8,29.8,228,10,6.9,1,1,0
502229,32.15,12.4,8.9,10,0,0.0,1,0,0
502064,65.80,13.6,12.6,566,59,23.07,1,0,0
501188,61.16,,26.7,462,59,12.3,3,0,0
500210,62.90,22.1,18.7,339,45,14.49,3,1,0
501347,59.75,25.4,23.2,356,29,5.73,0,0,0
501080,29.34,6.9,7.7,72,4,0.0,0,0,0
500601,62.09,26.4,33.4,405,45,13.27,1,0,0
500668,67.99,29.5,29.8,402,47,14.15,4,1,1
501048,33.72,7.9,9.1,195,6,3.54,1,1,0
501899,54.50,,9.8,565,61,24.49,1,0,0
502040,67.59,19.3,26.9,603,61,21.1,1,0,0
502154,35.91,9.5,14.1,75,0,0.74,0,0,0
500809,49.45,19.4,19.0,250,43,9.91,6,0,0
501242,55.44,4.4,6.8,609,67,20.83,0,0,0
500181,74.46,27.4,27.6,656,87,24.16,1,0,0
501434,41.68,5.1,19.4,192,14,2.89,1,0,1
500543,68.12,16.2,25.1,586,56,26.26,1,0,0
500617,75.67,38.4,41.6,335,38,10.4,2,0,0
500003,62.64,38.0,55.8,209,7,8.44,0,2,0
500342,52.18,16.5,21.3,230,22,3.17,2,1,1
501309,37.49,11.4,12.1,301,31,5.18,1,0,1
500659,66.56,21.3,26.2,395,43,14.65,5,1,0
500567,47.72,15.3,27.3,315,31,15.33,4,1,0
501937,42.73,11.9,10.9,89,3,5.15,2,0,0
500190,43.52,11.4,5.4,116,9,0.0,0,0,0
502277,70.19,41.3,48.2,321,31,8.13,0,0,0
500235,71.56,33.7,36.5,377,39,20.73,1,0,0
502077,68.66,26.5,28.2,442,50,10.31,2,1,1
500787,55.73,15.8,26.7,265,37,11.25,5,1,0
500812,59.86,29.2,32.4,279,28,10.24,5,1,1
599004,30.19,11.8,14.3,205,52,15.2,3,0,0
500768,63.97,29.2,21.9,473,43,14.54,3,2,1
500623,57.53,26.9,38.0,264,28,12.89,5,1,1
502147,54.69,11.3,9.5,366,33,11.45,0,0,0
501235,64.76,46.1,47.5,44,3,2.57,1,1,0
501193,45.38,7.2,10.8,330,30,11.39,1,2,0
500393,63.53,34.4,,281,33,9.58,1,0,0
500189,70.38,17.6,24.6,612,64,23.76,0,1,0
501170,65.39,24.7,25.8,430,48,15.54,2,0,1
502222,37.40,3.9,13.4,252,2,0.0,3,0,0
500918,74.02,32.4,37.4,506,58,21.81,6,2,1
501595,57.69,27.2,28.9,285,31,13.24,4,1,0
500256,74.60,16.2,16.7,775,76,26.5,0,0,0
501256,76.21,29.8,27.5,516,55,13.74,4,1,1
500690,63.25,26.7,31.3,341,35,12.91,1,0,1
501797,48.41,20.5,25.1,200,15,4.06,1,0,0
500606,71.28,33.2,44.2,416,39,8.67,0,0,0
500323,56.96,37.6,40.9,161,0,0.0,0,1,0
500951,66.85,42.4,45.1,193,8,0.0,0,0,0
501643,60.06,26.6,33.7,277,25,3.24,1,0,0
501353,63.54,29.3,33.2,314,28,13.44,0,0,0
501303,50.33,14.3,25.2,280,29,13.17,10,1,0
501475,55.80,26.5,39.3,172,3,0.0,0,0,0
500644,38.77,8.0,9.4,255,2,8.24,1,1,0
501517,45.74,14.3,11.1,252,12,4.63,1,1,0
502018,60.95,12.7,14.0,618,79,23.92,1,2,0
501301,38.96,9.8,15.0,91,7,2.77,1,0,1
501744,69.33,13.9,17.3,628,63,24.89,1,0,0
500756,38.75,5.4,0.3,241,19,6.56,0,0,0
502288,28.61,4.9,7.5,24,0,0.0,2,1,0
502313,67.16,34.1,43.9,365,34,15.12,4,3,1
500155,47.81,11.9,15.7,406,37,17.18,0,1,1
599005,55.84,21.9,8.2,182,57,2.49,0,1,0
501467,38.03,15.6,14.5,114,0,0.0,2,2,0
500774,65.15,32.4,36.5,338,35,14.16,0,2,1
500485,38.21,1.8,0.0,260,34,3.9,2,1,0
500998,49.95,9.9,9.5,201,14,4.58,2,1,0
501322,60.27,17.9,19.3,469,42,12.57,5,0,1
500267,61.37,30.9,34.0,270,20,2.34,2,0,1
501095,40.97,9.1,6.3,197,8,4.67,1,0,0
500437,66.44,19.2,23.5,538,58,20.25,0,0,0
500253,29.66,4.8,5.2,71,0,0.0,1,0,0
500021,49.79,21.1,17.9,167,22,1.83,2,3,1
501962,59.91,22.6,,419,52,12.87,2,0,0
501197,57.38,30.5,32.9,270,31,4.74,3,1,0
502372,60.60,25.4,42.2,228,20,10.87,0,0,0
501543,30.93,0.5,0.0,155,12,2.05,1,0,0
501304,56.25,24.2,30.6,318,30,15.8,1,1,0
501991,72.11,26.8,32.8,668,75,29.45,0,0,0
501791,58.43,15.8,19.5,533,68,19.94,0,0,0
500935,49.29,,22.5,328,18,7.0,0,1,0
500831,56.44,24.9,27.2,280,33,8.12,4,0,1
501539,75.60,24.1,30.1,500,67,24.7,1,0,0
500360,59.60,28.0,38.7,210,17,2.67,2,0,0
500528,71.12,22.1,37.0,492,66,17.82,3,3,1
501254,68.65,18.7,23.2,567,57,19.27,0,0,0
500017,€74.27,33.9,45.0,346,48,12.85,0,0,0
501217,40.53,11.8,2.9,145,25,2.53,1,0,0
500855,62.24,33.3,35.7,293,29,9.2,0,0,0
500572,66.24,22.2,20.5,440,64,17.61,5,1,0
501481,65.78,30.6,34.2,347,42,7.56,1,0,0
501527,54.01,22.9,30.9,192,10,4.13,3,1,0
500053,53.38,26.5,33.5,180,11,6.69,0,0,0
502263,61.86,12.0,18.2,536,57,18.64,2,1,0
502166,43.88,18.0,17.8,84,5,4.55,3,1,1
500401,42.11,8.7,14.8,210,31,7.86,1,0,1
501360,68.61,19.0,16.9,608,70,26.14,2,0,1
500844,43.99,10.1,,219,15,0.9,0,1,0
500455,39.40,6.2,13.6,244,10,1.64,0,1,0
500985,29.04,0.5,0.0,240,21,1.3,1,1,0
501516,32.35,1.1,0.0,176,2,0.0,1,1,0
501976,€67.73,27.0,26.3,420,42,11.8,6,1,0
500044,56.69,9.7,11.3,458,37,16.6,2,0,0
502228,58.24,29.8,43.6,202,24,6.67,2,0,0
501975,63.75,34.2,40.8,310,21,9.21,3,1,1
500438,21.18,0.5,6.3,10,0,0.0,1,0,0
500077,37.63,5.3,3.7,218,37,5.32,0,0,0
500647,66.51,28.3,28.1,417,26,9.66,3,4,1
501731,39.62,1.8,5.7,376,40,7.56,0,0,0
501231,72.82,34.3,43.9,406,45,11.28,1,0,0
502156,41.97,11.9,9.3,193,11,6.92,3,0,0
501190,21.08,1.1,0.0,109,2,0.0,2,0,0
500359,42.95,12.2,13.8,170,4,6.67,2,0,0
501587,60.56,11.8,13.9,529,66,16.84,2,0,0
501794,54.75,22.1,24.6,326,34,12.18,4,1,0
501661,58.71,26.9,43.4,346,42,8.86,1,1,0
501296,69.40,15.1,26.3,576,73,28.86,0,1,0
500122,58.17,20.7,15.5,386,46,12.96,2,0,1
502062,36.97,0.5,6.2,193,21,5.7,1,0,0
502124,63.71,20.6,33.8,506,65,15.68,3,0,0
500759,60.45,25.2,31.5,255,35,11.12,5,1,1
501385,63.09,32.9,44.4,411,37,10.35,1,0,0
501700,70.01,19.7,21.6,588,65,19.94,0,1,0
501493,60.84,25.5,31.9,309,39,10.75,3,2,1
500970,76.03,36.0,39.2,351,33,13.71,1,1,1
500864,56.19,35.2,29.2,144,25,2.12,1,0,0
501699,25.38,0.9,6.0,162,5,7.54,3,3,0
501408,48.17,,20.3,374,34,6.02,1,0,0
500066,64.53,22.7,26.6,369,39,13.05,7,2,1
500862,72.60,30.2,32.6,581,74,25.59,0,1,0
501487,31.60,0.5,5.9,151,2,5.13,0,1,0
502324,37.39,8.0,9.0,128,0,2.6,1,0,0
501941,61.91,34.7,39.1,169,10,0.0,0,0,0
500752,34.17,0.5,0.0,213,0,0.0,1,1,0
501818,38.98,4.1,,290,16,8.26,3,0,0
501721,56.24,23.5,30.7,291,31,15.37,4,0,1
501743,58.25,12.8,21.2,610,74,27.8,3,0,0
501228,45.67,10.8,16.7,292,40,3.95,1,0,1
501428,60.28,28.7,33.6,233,9,7.44,2,0,0
500899,58.68,15.4,23.4,520,62,20.35,0,0,0
500852,52.58,16.3,18.7,303,24,8.69,4,3,0
501398,59.93,13.8,21.1,568,58,20.24,0,0,0
500595,31.00,5.7,12.0,126,9,5.22,0,0,0
500065,56.33,22.4,24.2,326,26,6.72,4,0,0
501361,62.63,12.9,12.6,568,75,21.28,0,0,0
501564,53.33,11.4,19.2,495,53,14.71,0,0,0
502365,31.53,3.3,2.1,204,7,0.0,0,0,0
501112,38.95,15.6,24.2,121,3,5.55,2,0,1
501562,58.47,18.4,21.9,528,70,21.59,0,0,0
501135,56.40,20.2,33.2,332,47,13.59,6,1,1
500689,60.36,13.4,13.1,549,68,24.08,1,0,0
501035,52.85,23.3,29.3,256,16,3.42,6,0,0
501622,58.90,24.3,30.3,240,27,4.33,4,1,1
502235,51.52,16.3,17.6,301,27,9.85,3,1,1
500458,63.98,16.3,20.1,517,63,20.17,1,0,0
501379,47.52,11.4,6.3,278,22,4.83,0,0,0
501383,59.62,17.5,26.7,380,30,14.34,5,0,1
501970,61.16,16.9,16.1,540,55,24.18,0,0,0
500450,70.73,24.6,21.5,488,62,18.82,1,0,0
500166,37.81,8.0,5.1,238,20,2.38,0,0,0
502100,25.85,0.5,0.0,107,12,0.0,1,1,0
501823,61.26,35.4,43.0,307,9,4.56,0,0,0
501233,40.89,15.1,26.8,74,0,0.0,0,0,0
501820,67.66,32.4,45.3,328,25,7.54,0,0,0
501085,41.48,9.0,10.4,263,15,1.11,0,2,0
502211,62.42,26.9,32.1,295,41,6.64,2,0,0
500135,29.42,0.5,0.0,140,8,6.42,1,0,0
502248,62.97,17.5,25.0,525,59,21.41,0,0,0
500146,25.44,3.4,1.1,57,0,0.0,0,1,0
501176,38.28,0.5,0.0,207,2,8.97,1,0,0
502280,53.23,21.6,25.6,387,33,5.12,6,0,0
500309,76.06,39.2,50.5,323,36,11.84,0,0,0
502054,56.92,26.8,33.3,318,25,5.8,1,0,0
501835,40.97,9.7,15.4,174,12,10.78,1,1,0
500387,33.94,6.6,4.3,126,0,0.0,1,0,0
500814,44.18,6.2,12.4,306,28,11.2,0,0,0
500321,54.96,26.8,28.3,266,17,11.69,3,0,0
502258,63.48,36.0,45.3,331,31,8.12,1,0,0
500366,60.10,36.4,34.0,290,22,10.87,4,2,1
501593,38.87,10.1,8.2,142,7,0.0,1,1,0
500859,68.86,42.8,62.3,256,27,5.96,2,0,0
501448,72.90,37.7,37.7,418,28,13.1,1,0,1
500933,29.63,0.5,0.0,11,12,0.0,0,0,0
500621,57.14,9.6,13.6,461,43,19.27,2,0,0
501031,33.48,2.8,11.0,79,0,0.0,2,0,0
502012,58.23,14.6,20.5,444,56,18.57,1,1,0
500699,61.31,21.9,27.7,491,64,13.42,0,0,0
500009,68.72,26.7,25.6,548,56,25.76,0,0,0
501537,36.62,0.5,4.4,258,16,0.0,2,0,0
500119,32.53,4.6,4.0,222,0,0.0,3,0,0
500992,53.09,18.6,,303,38,6.36,3,1,0
501920,66.37,31.4,34.8,215,20,6.43,2,0,0
501276,64.29,8.1,10.1,684,67,20.5,2,0,0
500884,63.48,14.2,22.0,649,71,20.97,0,0,0
500080,26.74,1.4,2.5,117,0,0.0,1,0,0
502073,23.86,0.5,7.8,159,1,4.9,0,0,0
501154,55.61,27.6,34.6,225,1,3.01,1,0,0
500330,€62.36,16.3,28.1,647,86,28.1,1,0,1
500556,69.27,35.5,45.2,483,44,12.81,0,0,0
500938,45.76,12.3,15.6,343,39,6.61,0,1,0
500176,24.20,0.5,0.0,108,7,0.0,1,0,0
500555,59.68,15.4,19.3,491,66,20.67,0,1,1
500747,67.26,22.0,29.9,416,39,12.59,3,0,0
501563,36.31,19.8,17.0,44,0,0.0,1,0,0
500444,51.20,13.2,15.7,385,21,10.78,1,1,0
502022,50.53,20.1,15.7,160,5,0.0,0,0,0
500819,40.26,4.3,3.0,242,10,10.19,0,0,0
502312,55.97,26.7,43.4,267,7,0.0,0,0,0
501202,59.10,34.3,39.8,327,11,6.09,2,0,0
501336,49.57,13.9,16.5,317,21,12.06,0,1,0
501609,53.71,16.2,8.9,367,48,11.86,0,1,0
501261,71.09,30.7,27.7,366,39,13.98,3,3,0
502162,30.84,2.7,0.0,205,15,5.76,0,0,0
500241,67.12,23.5,30.7,550,62,26.69,4,1,1
501873,33.34,0.5,0.0,214,17,4.48,3,0,0
502214,39.01,10.5,8.4,126,9,1.63,0,1,0
500760,69.54,13.3,16.5,712,70,29.06,0,0,0
502160,61.65,23.0,26.2,401,36,12.16,1,1,1
500097,€68.45,35.0,32.8,391,29,4.99,0,0,0
501977,68.28,27.8,29.3,457,54,14.79,5,2,1
500047,67.23,34.4,31.3,369,40,10.99,0,0,1
501512,72.64,31.2,34.6,538,51,15.14,3,0,1
500739,57.20,23.8,24.7,195,20,8.2,1,1,1
502347,58.34,18.5,21.9,429,55,16.97,0,0,0
501014,41.83,16.7,27.3,170,25,1.39,7,1,0
500911,44.94,4.7,12.6,331,29,10.65,1,0,0
500966,60.89,13.6,12.6,643,73,22.8,0,0,0
500830,41.26,9.2,17.5,244,29,5.87,0,0,0
500193,58.16,33.2,35.0,146,9,1.5,0,0,0
501697,59.23,15.4,12.9,458,66,17.72,3,0,1
501032,67.07,16.9,7.1,597,50,20.45,0,0,0
501395,60.06,36.4,,164,25,1.14,1,1,1
501668,33.52,0.5,0.0,99,0,9.49,1,2,0
500209,56.07,19.8,21.4,319,25,8.63,1,1,1
501295,61.66,17.6,20.2,507,55,18.92,1,0,0
500093,61.29,21.1,18.6,468,51,11.58,4,1,1
500709,64.03,38.2,45.7,200,2,0.0,1,0,0
502184,40.51,21.2,26.0,58,14,1.46,1,0,0
502245,55.57,16.9,15.7,308,30,13.61,2,2,0
502109,50.58,19.2,21.9,227,13,2.98,6,1,1
500510,65.73,17.2,24.7,606,78,23.61,4,0,0
502333,50.54,15.6,17.7,341,44,13.83,2,0,1
501809,20.97,0.5,0.0,10,0,0.0,1,0,0
500593,54.96,24.8,32.4,274,7,5.34,4,0,0
502215,53.25,16.2,17.3,272,37,5.88,1,1,0
500919,67.29,32.7,34.3,432,47,14.02,1,0,0
501421,35.93,,3.2,209,0,1.98,1,0,0
500431,75.82,21.6,23.5,561,65,23.79,0,0,0
502116,40.92,7.0,9.9,281,9,2.76,1,1,0
500529,40.45,16.1,19.9,173,15,1.33,1,1,0
501473,45.85,8.8,8.4,288,14,6.67,1,0,0
500159,39.68,10.1,1.7,239,9,2.69,1,1,1
501725,35.38,0.7,4.2,296,32,3.86,0,0,0
502122,64.47,35.7,42.7,291,35,6.62,0,0,0
502337,71.91,38.7,40.5,330,37,11.53,0,0,1
500303,31.55,0.5,7.9,147,16,8.3,0,0,0
500102,24.92,0.5,0.0,194,0,0.0,0,2,1
501153,58.32,16.5,19.0,450,62,20.84,2,1,0
500187,61.54,,11.0,573,56,21.03,1,0,0
500028,47.00,18.9,23.8,217,14,0.48,1,0,0
500476,73.76,30.6,37.0,391,31,13.74,2,1,1
500700,66.09,30.2,,497,53,21.33,1,0,0
500285,63.16,20.0,29.4,412,37,13.91,0,0,0
500547,40.58,12.4,13.5,119,9,0.0,1,0,0
501300,46.11,15.1,24.4,213,3,0.0,3,4,1
502296,71.66,42.3,53.1,364,53,18.6,1,1,0
502203,66.36,37.4,45.6,228,1,6.64,2,0,0
500959,20.54,0.5,3.4,121,0,0.0,1,1,0
500582,38.25,7.4,19.1,114,21,7.53,0,1,0
502173,38.71,9.4,13.8,212,12,0.0,1,0,0
501751,47.14,18.4,32.6,58,3,0.0,2,0,0
501714,28.91,4.4,6.8,156,2,0.0,0,0,0
501240,64.06,25.2,24.8,397,23,17.61,0,0,1
500823,31.70,0.5,0.0,123,3,0.0,2,1,0
500536,32.79,4.9,14.9,136,4,0.0,0,0,0
502126,52.65,20.1,29.8,264,28,5.07,0,2,0
500112,47.00,8.0,5.8,339,29,11.79,2,0,0
501913,61.86,19.5,37.8,473,56,18.71,0,0,1
500796,€70.34,15.0,18.8,579,57,20.83,0,1,0
501554,58.73,19.1,15.9,550,54,17.55,0,2,1
502268,39.15,8.7,12.2,247,17,3.57,0,0,0
500409,47.45,1.3,6.0,343,31,15.01,2,0,0
500161,68.80,30.6,33.3,375,27,21.92,0,0,0
500453,32.78,5.4,8.2,185,15,4.65,1,0,0
502075,€58.41,26.5,32.6,313,22,7.76,3,0,1
500579,29.47,0.5,5.9,229,15,5.38,0,0,0
502181,57.34,22.7,,381,43,13.23,2,1,0
501132,50.58,13.7,20.7,307,28,15.59,5,0,0
502036,64.99,33.6,38.4,266,16,12.22,1,0,0
500217,38.76,14.8,17.9,116,0,0.0,1,0,0
500791,39.46,,5.1,352,27,10.93,2,0,0
501640,52.38,14.1,22.3,380,47,16.49,0,0,0
500316,38.28,,8.0,296,22,8.44,1,0,0
501370,38.65,8.6,0.0,226,20,0.0,1,1,0
501174,59.94,32.5,42.5,190,17,1.69,2,1,0
502105,27.04,3.1,20.2,64,8,0.0,2,0,0
500221,61.01,36.9,45.5,181,39,10.05,0,0,1
500436,23.30,,0.0,163,15,4.65,2,0,0
500724,48.53,16.3,23.3,271,20,0.64,6,0,1
501430,59.38,24.3,30.1,288,25,7.23,4,2,1
501681,61.31,21.9,23.5,575,57,20.64,0,0,0
501452,54.36,13.1,17.7,536,61,17.87,1,0,0
502044,€46.40,15.4,26.0,270,19,6.48,1,1,0
501234,46.25,9.9,13.1,316,34,8.36,1,0,0
502123,58.16,28.7,25.7,255,13,7.89,6,1,1
502087,50.37,18.1,22.5,387,30,8.87,3,0,0
500603,62.69,37.5,54.7,205,22,6.17,0,0,0
502338,33.97,5.2,2.7,97,4,3.69,2,2,0
502227,54.99,24.8,23.1,321,22,7.92,2,1,0
501658,57.88,24.2,32.7,249,31,5.52,1,0,1
501716,56.88,24.3,25.6,360,34,14.53,3,1,1
500524,84.43,44.2,49.1,359,21,14.37,0,0,0
501690,28.41,0.5,1.3,116,0,1.0,1,1,0
500771,64.34,26.1,20.5,468,43,12.76,2,1,0
500278,39.15,8.5,3.1,173,12,8.03,2,0,0
500142,61.69,31.4,30.9,304,25,10.42,0,0,0
501816,62.55,16.7,28.1,604,80,27.84,0,0,0
501230,40.65,11.6,23.3,212,21,9.42,0,2,0
501282,47.56,6.5,7.1,385,37,13.46,1,0,1
500713,55.76,21.0,22.2,260,22,1.2,0,0,0
501348,51.48,16.5,16.8,263,14,3.39,2,0,0
502027,31.00,0.5,0.0,241,24,11.87,1,0,0
500686,74.07,11.5,23.0,755,94,30.95,0,0,0
500832,65.49,30.7,51.4,283,20,8.26,0,0,1
500439,70.04,22.0,36.6,530,59,23.85,1,1,0
502205,57.04,,23.5,381,43,15.96,2,1,0
501885,41.59,3.3,3.4,333,3,10.3,0,0,0
501082,57.68,35.5,39.3,82,2,0.0,0,0,0
501020,54.61,21.9,34.3,200,11,12.98,0,2,0
502285,68.48,19.2,17.3,626,68,29.32,0,1,1
501965,34.47,9.8,6.3,150,11,0.85,1,0,0
501654,49.62,20.4,22.3,253,24,3.38,1,1,0
501701,33.94,0.9,1.0,110,0,0.0,1,0,0
501969,44.89,3.4,2.1,328,37,11.45,1,0,0
502196,€57.85,20.4,25.0,426,39,12.12,2,0,0
500062,34.75,8.1,5.3,217,4,3.38,3,0,0
502382,54.50,15.2,16.0,473,48,12.82,1,0,0
500694,65.10,35.8,44.6,198,13,0.7,0,2,0
500745,65.00,20.1,18.7,458,38,16.38,2,0,0
502121,39.21,5.4,5.7,263,12,6.05,1,0,0
501954,49.84,32.1,38.2,50,1,0.0,0,0,0
502159,60.59,22.1,22.0,314,25,8.69,1,1,1
500732,54.75,,17.3,481,35,19.46,4,1,0
501166,57.25,18.1,29.1,379,39,13.3,6,2,1
500902,64.83,26.0,39.1,301,35,11.55,4,1,0
501683,67.45,27.6,28.4,412,38,17.3,3,1,1
500010,26.07,7.5,9.2,10,0,0.0,3,1,0
502138,38.23,3.3,5.6,239,18,1.12,2,0,0
501351,46.64,15.4,20.0,273,12,8.56,1,0,0
502185,42.85,6.4,5.3,244,12,7.68,0,2,0
502146,65.73,27.2,29.9,359,51,9.13,6,0,1
500279,35.63,11.0,7.3,140,1,0.0,0,0,0
500534,42.34,18.2,16.3,237,25,15.78,5,1,1
500991,29.62,7.2,6.9,137,0,0.0,0,1,0
500514,36.08,,14.3,59,3,0.0,0,0,0
501244,63.62,32.0,38.7,208,27,6.44,0,0,1
500915,58.20,22.6,35.6,335,33,12.06,0,3,0
500004,59.37,34.7,46.1,183,21,2.08,0,0,0
501739,30.96,3.5,1.5,311,28,9.49,0,1,0
500728,52.43,9.0,18.1,550,62,17.73,1,0,0
500276,60.57,16.1,29.1,491,32,16.43,0,0,0
501030,54.91,13.8,22.3,427,71,16.15,2,0,0
501601,66.30,20.9,28.8,486,43,19.64,1,1,0
501241,58.33,17.4,19.9,434,42,15.61,0,0,0
500056,65.66,25.6,26.1,521,55,26.03,0,1,0
501338,69.68,37.3,45.9,295,36,14.41,1,0,0
500548,65.54,33.3,49.4,254,32,8.82,3,1,0
501842,47.26,4.1,5.6,339,19,10.34,0,0,0
500779,70.80,25.1,30.7,606,61,21.49,1,0,0
501911,65.60,33.9,39.9,318,34,11.48,1,0,0
501705,56.73,21.6,,362,34,11.34,0,3,0
500192,66.26,36.2,40.5,297,18,12.09,0,3,0
500111,€56.41,7.3,21.7,493,52,18.23,2,0,0
500545,62.11,15.5,17.6,587,77,33.88,0,0,0
500867,57.72,6.2,10.2,577,54,23.53,0,0,0
501529,61.24,23.4,24.9,439,56,15.61,3,1,0
501771,58.70,24.9,28.9,342,38,8.97,0,0,0
500024,29.94,12.5,16.2,10,0,0.0,0,2,0
500383,59.13,40.1,44.1,29,14,0.48,0,1,0
500748,30.64,7.2,6.0,147,11,0.0,1,0,0
501921,76.62,31.6,27.9,494,51,19.21,3,1,1
500602,66.42,21.5,17.6,498,47,11.58,0,1,0
500355,23.66,0.5,3.9,10,0,0.0,2,0,0
500208,36.22,0.5,5.5,234,2,0.0,1,0,0
500095,55.91,17.6,13.4,527,69,19.54,1,0,0
500820,56.63,24.2,38.7,262,28,16.37,2,1,1
501262,48.06,9.7,18.8,403,47,13.21,0,0,0
502238,35.92,,9.8,145,13,7.32,0,0,0
502315,67.56,27.0,36.8,377,34,19.04,5,3,1
501998,55.51,24.1,32.6,179,3,7.92,0,1,0
501761,38.73,7.4,15.0,102,0,0.47,0,1,0
502336,63.00,20.5,27.0,443,51,22.12,2,1,0
501961,49.84,22.6,28.0,157,7,6.67,2,2,1
501480,26.06,0.5,2.3,26,8,0.0,3,1,0
500454,52.14,16.9,22.1,417,25,12.95,1,0,0
502008,47.46,2.9,0.0,490,54,20.69,1,0,0
501130,68.49,43.3,36.1,210,5,0.0,0,0,0
500575,33.43,6.8,9.4,214,9,8.21,1,2,0
502035,45.18,9.1,6.7,191,19,6.2,1,0,0
500949,62.81,27.0,36.4,362,38,14.47,4,2,1
501310,53.20,15.1,17.8,263,35,9.55,1,0,0
500261,58.91,24.9,19.2,280,17,9.64,3,2,0
501997,53.36,14.1,15.7,390,61,20.92,1,1,0
501113,55.82,35.1,38.7,115,20,1.42,0,0,0
500790,59.15,34.2,47.0,199,14,1.95,0,0,0
501862,66.61,37.2,44.5,269,34,1.59,0,0,0
501018,44.11,11.1,7.3,68,0,0.0,0,0,0
501384,38.40,12.0,9.0,236,32,0.0,1,0,0
500406,60.41,23.7,23.3,459,59,19.93,2,0,0
500719,37.62,5.4,0.3,366,35,15.26,2,0,0
500568,55.95,10.9,16.0,503,50,20.9,0,1,1
501686,67.20,35.5,48.5,356,36,13.56,0,0,0
502033,51.71,20.3,27.2,338,29,9.57,0,0,0
502182,32.39,8.8,,107,0,0.0,0,0,0
501799,42.68,19.8,18.5,10,0,0.0,0,1,0
500969,54.85,19.6,21.8,228,16,4.92,2,1,0
501286,57.78,27.2,34.8,282,30,6.95,1,1,0
501689,36.01,9.7,17.2,145,9,0.54,1,0,0
501953,53.20,18.0,21.7,317,35,8.08,6,1,1
500477,51.52,21.0,27.4,326,36,10.73,4,0,0
501000,59.10,34.8,34.7,244,28,8.98,0,2,0
502398,76.18,38.6,48.5,345,31,14.55,1,0,0
501138,73.38,13.0,13.6,782,88,31.93,2,2,0
500822,57.26,8.9,0.7,470,29,15.85,1,0,1
502015,67.18,32.8,45.8,302,16,9.41,2,1,1
500133,61.77,11.8,13.3,518,65,26.26,0,0,0
500995,34.45,9.4,10.6,178,0,0.74,0,1,0
500860,75.64,29.8,36.5,396,19,13.42,0,0,0
501163,28.52,0.5,5.5,217,9,5.3,2,0,0
500958,64.21,28.0,27.8,405,31,13.28,1,0,0
500026,70.89,,48.3,233,19,3.98,1,0,0
500591,76.80,41.6,33.5,290,41,8.69,1,1,0
500398,74.51,29.8,33.1,473,51,11.31,6,1,0
500349,54.46,12.5,15.9,316,19,5.21,0,1,0
500414,61.24,20.2,21.7,348,39,17.81,1,0,0
502226,45.73,27.8,27.7,192,20,0.0,0,2,0
500158,56.72,21.8,34.1,215,32,10.3,3,0,1
502387,35.78,10.3,11.0,10,0,0.0,1,0,0
501624,44.59,14.1,7.0,307,37,5.55,0,0,0
501781,37.57,11.2,12.8,155,28,3.01,0,1,0
501036,56.11,18.0,27.6,486,67,15.04,1,0,0
500885,41.29,12.6,17.6,180,5,5.09,0,1,0
501822,56.65,19.9,30.0,302,27,11.31,1,0,0
500638,53.99,10.1,14.3,530,71,27.23,0,0,0
500559,58.85,32.7,48.4,153,17,2.6,3,0,0
500229,64.80,27.6,36.1,343,36,11.57,0,2,0
501566,73.84,26.4,41.9,510,60,20.24,0,0,1
501485,45.35,19.2,27.6,231,18,7.47,0,0,0
501477,61.14,21.2,25.2,484,56,12.27,1,1,0
501070,56.15,32.9,38.6,192,22,0.5,3,0,0
500893,64.50,31.2,33.6,469,27,12.83,1,0,0
501853,65.33,30.8,34.3,300,36,9.25,0,0,0
500182,64.99,8.4,18.4,731,82,26.0,3,0,0
500961,60.39,23.9,29.4,397,47,15.93,0,0,0
501101,65.57,33.5,41.7,257,21,0.59,0,0,0
500012,61.50,15.4,20.8,531,42,18.87,4,2,1
500361,44.13,4.2,8.6,425,37,17.14,1,0,0
500069,56.67,13.4,21.6,471,63,17.33,0,0,0
501782,36.20,13.4,18.3,119,0,0.0,1,0,0
500148,70.61,33.4,40.3,375,52,12.69,0,0,1
501058,€56.83,12.6,8.5,439,56,23.84,0,0,0
500423,62.57,11.3,7.1,615,69,24.53,0,0,0
500399,73.19,26.5,31.7,657,77,19.84,0,1,0
501546,61.59,29.1,29.6,346,32,10.53,0,1,0
502131,43.35,15.3,21.9,224,24,6.45,6,0,1
500531,53.96,12.2,20.8,402,44,18.66,0,0,0
500168,44.49,14.7,25.9,166,6,0.0,1,0,0
500174,46.72,20.7,32.1,253,22,2.06,4,0,0
500445,42.74,,21.4,290,15,5.44,3,1,0
599001,41.39,7.5,34.2,418,16,14.69,2,1,1
501708,49.01,20.8,22.5,116,8,0.0,1,0,0
500057,78.33,30.5,47.8,387,44,15.25,0,1,0
500141,73.23,14.6,17.2,731,93,34.93,1,0,0
500471,60.22,31.6,40.0,242,29,9.16,0,0,0
500198,30.10,0.5,0.0,83,11,0.0,0,0,0
501950,57.60,25.6,20.6,292,10,6.95,0,0,0
501073,45.88,14.8,15.2,248,11,0.39,0,0,0
500457,43.18,0.5,0.0,424,43,11.59,7,0,1
500554,54.50,8.0,19.2,491,43,12.92,4,0,0
501365,51.63,11.7,17.0,403,55,17.32,1,0,0
501002,34.72,0.5,3.5,328,24,6.09,2,0,0
502302,43.56,12.2,18.5,192,21,7.48,2,2,1
500983,73.85,45.9,53.2,236,17,6.07,0,0,0
501656,33.98,3.5,11.5,167,13,1.63,1,0,0
501895,52.48,14.3,24.5,551,47,19.57,0,0,0
500177,66.91,17.9,21.8,578,52,15.66,5,0,0
502083,49.72,9.8,12.9,300,21,6.67,1,0,0
500258,45.84,,15.0,211,9,2.78,4,1,1
501171,52.22,24.5,30.2,184,3,0.0,3,0,0
500392,€53.88,25.8,48.1,256,39,9.08,0,0,0
500452,31.75,5.4,14.9,119,0,0.0,3,0,0
501115,59.28,11.8,15.9,560,62,22.38,0,0,0
502373,45.50,8.9,4.7,213,13,2.64,3,0,1
500723,62.20,,34.7,324,26,16.4,1,0,0
500850,€34.28,0.5,0.0,328,15,1.23,1,0,0
502350,44.77,10.9,7.0,185,14,0.0,2,0,0
501305,44.13,15.8,24.4,101,14,7.84,2,1,0
500926,43.95,6.3,9.2,495,65,18.22,2,0,0
501597,60.76,17.4,24.3,439,45,15.01,2,1,0
500091,58.22,21.9,27.1,364,45,8.32,1,0,0
501936,59.41,26.8,29.2,381,37,16.56,1,0,0
501675,47.82,13.5,14.1,352,39,6.57,0,0,0
501321,71.24,41.1,42.7,244,34,12.28,2,0,0
502320,61.89,11.4,19.4,554,66,20.58,2,0,0
500002,63.01,21.5,25.9,503,51,17.29,2,0,0
501971,66.94,21.6,29.4,523,71,26.7,0,0,0
500835,54.55,16.1,19.1,343,34,15.72,0,0,0
500622,47.32,4.1,11.2,453,52,20.47,1,0,0
501043,75.39,46.9,48.7,292,30,10.52,0,1,0
502017,32.88,9.5,14.7,138,22,0.79,1,0,0
501345,55.81,11.2,12.7,566,72,15.17,2,1,0
501139,71.87,33.1,40.7,333,10,8.2,2,1,0
501641,66.33,34.8,35.4,226,23,7.47,1,0,0
500041,56.92,13.2,14.7,377,58,12.42,2,2,0
501826,58.19,23.8,34.9,443,44,10.56,0,1,0
501026,35.88,9.4,7.0,17,0,0.0,1,1,0
500957,67.71,17.8,25.4,611,68,26.87,1,0,0
501568,37.01,10.2,14.0,168,7,0.0,0,0,0
500677,58.45,23.3,33.3,197,0,5.54,1,0,0
500460,43.92,23.3,34.2,10,0,0.0,1,0,0
500793,68.16,32.5,44.5,317,44,13.65,1,0,0
501162,44.97,11.8,6.1,131,0,0.0,1,0,0
500180,34.31,4.2,4.7,216,21,5.14,0,0,0
500139,72.31,42.6,49.8,173,0,4.85,1,0,0
500343,35.58,4.2,5.4,150,14,0.38,1,1,0
500121,56.50,8.3,15.4,502,60,18.69,3,0,0
502396,40.01,11.9,7.5,229,19,8.19,0,0,0
501572,54.74,20.0,27.1,357,41,13.65,6,0,1
502321,66.38,22.9,35.8,495,57,19.22,0,1,0
501753,63.39,24.7,30.8,408,45,16.17,1,0,0
501545,29.71,0.5,1.1,208,21,0.85,0,1,0
501616,65.77,24.7,,546,65,24.36,0,0,0
500358,66.61,26.3,34.9,358,42,13.69,1,0,0
500633,56.15,19.5,24.8,430,44,14.77,2,1,1
500195,51.97,2.7,13.0,576,57,21.68,0,0,0
502072,49.00,14.0,15.0,254,36,7.09,0,0,0
501915,54.10,17.2,10.0,285,33,5.21,2,0,0
501766,52.24,7.0,9.1,545,82,22.06,2,0,0
501567,58.92,22.4,21.8,357,24,11.3,2,0,0
500138,58.39,31.3,31.4,278,12,3.59,2,0,0
502057,57.44,18.9,12.8,438,61,18.81,0,0,0
500468,58.05,14.2,14.5,495,81,22.07,1,0,0
500043,44.86,14.3,9.0,312,8,3.47,2,0,0
500735,36.32,10.4,20.1,102,0,1.61,2,0,1
500710,78.45,39.8,47.3,408,47,11.95,2,0,0
500645,28.34,2.2,10.0,170,30,0.0,1,0,1
500365,62.10,18.6,31.1,451,58,20.42,3,1,0
501337,60.21,32.3,40.6,215,6,2.78,1,0,0
501629,59.81,25.8,22.0,254,14,7.38,1,1,0
502233,34.78,2.9,2.5,244,4,2.06,0,0,0
502178,64.23,27.4,34.5,331,40,13.5,4,1,1
500566,75.49,42.9,53.8,380,27,11.32,0,0,1
501541,34.88,0.5,2.4,66,4,0.0,0,0,0
500826,61.04,29.1,40.2,219,11,12.95,0,0,0
500627,42.78,17.0,18.7,152,14,4.89,1,0,0
500473,39.89,9.9,18.5,203,9,3.74,3,3,0
501450,51.35,12.5,14.0,403,49,14.07,1,0,0
500707,€64.06,34.9,38.3,370,35,13.01,0,0,0
502194,58.15,22.6,38.4,233,34,5.31,2,1,0
501435,36.36,5.7,11.3,78,2,0.0,1,0,0
501943,38.37,10.0,7.6,199,13,8.14,1,0,0
500081,€43.92,5.9,15.9,218,18,0.9,2,1,1
502254,54.01,25.5,40.7,265,18,8.73,1,0,0
500499,36.85,5.6,7.2,173,0,0.0,1,0,0
502305,49.69,32.9,40.4,167,27,3.13,0,1,0
500535,58.48,12.0,20.8,476,45,22.48,1,0,0
501064,63.64,9.7,15.9,642,59,23.59,0,1,1
501850,57.47,15.3,18.9,456,49,22.52,0,0,0
501909,62.70,32.9,39.7,354,21,4.87,0,0,0
501460,24.97,0.5,0.8,118,4,0.0,1,0,0
502071,42.91,18.3,15.0,119,9,1.42,1,0,0
501179,35.27,10.5,7.1,179,12,0.8,1,1,0
502378,67.60,12.6,13.4,589,55,23.97,0,0,0
502247,64.35,31.8,36.3,248,22,0.0,1,1,0
502204,26.65,0.5,3.8,56,0,0.0,1,0,0
501497,38.61,4.5,8.0,220,28,6.56,0,0,0
501149,38.11,,11.9,142,11,3.9,3,1,0
501765,58.58,25.2,38.7,353,32,16.74,2,0,0
502183,50.05,9.4,18.7,426,30,13.58,1,0,0
501596,63.61,20.8,,459,61,13.15,4,0,0
500487,40.89,9.3,9.1,293,15,0.0,2,0,0
502256,59.96,27.5,32.3,261,22,5.58,0,0,0
502053,58.09,10.2,13.0,479,59,21.57,2,0,0
500105,56.49,9.7,11.4,482,55,16.68,2,1,0
501494,69.43,22.5,27.2,531,76,27.2,1,1,0
501342,38.98,15.1,18.9,42,0,0.0,1,0,0
500675,56.43,21.1,24.9,275,27,9.99,1,1,0
501419,61.93,31.3,33.8,345,38,10.8,4,3,1
500755,36.36,4.7,6.5,164,2,0.0,0,0,0
502099,73.14,31.9,47.8,378,9,6.68,2,0,0
500475,30.41,0.5,0.5,298,20,1.14,1,0,0
500055,75.33,39.5,44.0,287,34,3.54,1,2,0
501001,54.82,4.5,5.8,535,74,17.6,0,1,0
501824,49.69,20.8,34.3,219,25,4.82,0,0,0
501958,61.76,17.1,24.9,570,60,25.31,1,0,0
500070,40.19,9.6,9.2,211,11,4.79,2,1,0
500411,31.05,0.5,0.0,160,6,0.11,0,1,1
501586,35.86,0.5,0.0,129,0,0.0,0,2,0
500729,67.54,16.3,21.7,607,71,26.26,0,0,0
501114,57.49,13.2,12.1,602,70,22.56,2,1,1
500738,41.59,4.2,7.9,370,37,12.62,1,1,0
500340,61.52,25.2,27.7,283,24,10.84,2,2,1
501691,€37.87,6.3,6.7,327,34,9.37,3,0,0
501963,37.12,0.5,,290,34,5.3,1,0,0
502210,63.35,21.4,26.4,520,52,18.91,2,0,0
501854,50.21,22.2,23.9,223,13,4.27,1,0,0
500799,32.82,0.5,0.0,191,9,0.0,0,0,0
502311,57.59,18.7,18.7,460,39,17.33,1,0,0
501879,66.84,32.6,32.7,372,28,8.22,1,2,0
500797,64.89,33.7,34.7,183,21,13.44,0,0,0
501978,54.05,14.7,11.3,444,42,17.57,6,3,1
501172,54.47,,14.8,587,69,16.55,1,0,0
501331,64.37,27.1,34.7,450,25,13.39,2,2,1
500968,31.06,9.3,8.0,115,0,0.0,1,0,0
501151,66.64,30.0,34.4,353,37,8.56,3,0,0
501938,66.53,21.4,31.6,505,42,13.71,1,0,0
500670,51.89,11.4,13.7,346,26,7.1,1,1,0
500130,67.95,31.6,29.7,408,33,15.06,1,0,0
501599,36.91,3.0,9.9,258,30,12.2,0,2,0
502065,55.34,16.3,18.5,406,62,20.62,0,0,0
502295,31.79,3.4,2.3,120,1,0.96,0,0,0
502081,68.16,37.6,49.3,216,8,5.58,0,1,0
501275,49.67,23.3,36.9,238,23,6.77,5,3,1
501548,34.44,6.3,9.9,113,4,3.61,6,1,0
502055,38.91,1.1,4.4,284,42,7.12,0,0,0
500467,67.06,37.7,50.3,381,23,8.64,0,1,0
501120,64.61,25.6,23.0,619,61,19.54,0,0,0
500964,40.15,6.8,10.0,289,11,1.51,1,1,0
501093,75.94,32.0,34.7,436,29,9.37,0,0,0
500782,53.94,9.5,17.8,454,52,19.71,1,0,0
500076,69.86,15.0,6.4,653,57,22.29,1,0,0
501143,50.11,23.7,33.4,215,18,5.29,3,2,1
501201,68.12,35.0,42.3,297,34,4.22,0,0,0
502355,61.32,11.4,19.5,622,81,27.58,1,0,0
501574,68.63,37.0,38.1,269,27,9.86,2,0,0
500469,29.87,8.5,15.7,58,13,4.49,1,0,0
501994,57.72,34.5,43.2,97,9,1.86,1,0,0
500649,47.34,6.4,10.2,458,52,18.96,1,0,0
502219,64.73,25.5,33.2,385,43,13.12,0,0,1
500931,50.78,13.4,15.6,416,30,7.69,0,0,1
502010,68.92,17.4,14.8,581,66,21.95,1,0,0
500526,60.57,12.1,6.3,512,52,18.39,1,0,0
500770,53.26,25.3,35.0,213,30,7.24,1,1,0
501631,59.28,11.0,14.9,362,30,10.69,1,1,0
502117,41.92,12.3,13.2,222,27,6.39,0,0,0
500943,56.98,12.4,18.1,523,75,23.33,0,2,0
500234,74.17,41.7,53.4,329,38,13.37,0,0,0
500420,64.44,46.6,44.4,190,3,3.98,2,1,1
501335,35.52,,4.6,151,0,1.39,4,0,0
500563,48.98,15.7,11.8,246,11,2.46,2,0,0
500551,61.13,31.5,40.7,364,49,11.68,4,2,1
502030,40.31,10.0,9.9,271,25,5.39,2,0,0
501931,45.25,12.3,19.6,301,19,3.22,0,0,0
501805,63.10,26.5,28.5,375,41,14.67,3,0,0
501929,63.60,33.0,42.2,252,18,9.83,0,0,0
500100,68.94,30.1,31.0,440,58,17.79,0,1,1
501666,57.38,8.8,13.0,494,42,19.26,0,0,0
501446,82.52,33.2,34.7,586,81,21.4,0,0,0
501264,48.91,21.1,23.1,193,9,0.0,2,0,0
500655,65.27,23.6,29.2,432,44,17.16,4,0,1
502049,55.57,24.6,30.8,417,38,14.97,0,3,1
502169,30.88,3.2,5.8,39,0,0.0,0,0,0
500972,58.69,19.6,27.5,427,38,16.8,1,0,0
501486,42.77,8.4,8.1,178,21,0.0,0,0,0
500676,45.83,13.7,18.5,121,0,0.0,0,0,0
501946,58.00,13.6,10.0,536,50,16.54,0,0,0
501910,37.39,14.0,15.4,92,0,1.31,0,1,0
500784,67.99,37.9,39.2,234,37,8.84,2,0,0
501519,32.48,0.5,0.0,275,13,3.61,2,0,0
502061,70.22,22.7,29.6,637,88,29.62,0,1,0
501930,57.97,18.9,21.0,381,43,10.68,1,1,1
502260,30.52,6.8,5.0,10,0,0.0,0,0,0
500266,36.21,11.6,13.7,173,12,3.45,4,1,1
500301,61.14,15.3,27.3,588,83,20.99,1,1,0
500733,50.55,11.5,24.5,489,59,23.91,2,1,0
502363,57.68,12.5,18.1,542,61,19.25,1,1,0
502150,57.67,27.9,35.1,250,11,6.26,0,0,0
501928,35.31,9.2,7.6,87,16,1.9,1,1,0
501860,68.93,39.0,45.7,399,35,12.28,1,1,0
501808,61.77,31.0,40.1,330,19,12.56,0,1,0
500162,61.73,33.5,37.9,369,26,7.55,0,0,0
501939,58.45,16.7,20.7,511,76,18.68,1,1,0
500662,54.15,16.0,19.1,395,47,15.79,1,1,0
502391,55.17,28.3,38.2,315,28,3.16,1,0,0
500614,52.92,10.9,5.4,544,51,18.77,2,1,0
501373,44.95,12.4,1.2,232,18,1.54,0,0,0
500706,32.59,0.5,1.3,243,22,3.26,0,2,0
500923,69.23,32.6,43.5,392,27,10.51,4,0,1
501319,58.93,20.5,15.4,410,45,18.71,0,0,0
502262,48.84,18.6,17.6,171,0,6.39,0,0,0
501740,56.84,26.1,25.4,338,21,10.06,0,0,0
502384,67.19,17.1,18.7,536,61,18.67,0,1,0
500881,62.07,32.3,38.7,294,39,11.98,2,0,0
502353,69.71,34.3,44.3,470,58,9.68,1,0,0
501573,28.88,4.2,0.0,117,0,0.0,0,1,0
500327,33.47,10.1,8.5,164,2,4.76,1,0,0
501778,64.95,24.1,28.9,343,42,10.52,6,1,1
500016,50.15,24.6,22.3,291,31,9.29,3,0,0
500989,50.20,23.9,27.4,190,6,5.4,4,1,1
501724,56.67,26.1,23.2,258,12,4.68,2,1,0
501887,69.92,14.5,20.3,680,64,25.31,3,1,0
501432,46.12,19.7,28.2,249,4,2.93,3,2,0
501462,41.47,12.2,16.9,259,10,0.0,1,1,0
501443,35.82,0.5,0.0,252,27,10.78,0,0,0
500470,76.42,39.8,46.6,368,30,14.59,0,0,0
502368,43.88,18.4,17.5,112,11,2.12,0,0,0
501710,64.45,22.7,27.7,420,39,13.71,2,2,0
501669,48.30,21.5,25.7,227,8,6.01,1,0,0
501737,55.51,33.1,34.8,182,0,4.18,0,1,0
501974,66.64,7.6,12.4,747,65,27.69,1,0,0
501571,57.54,1.8,10.4,653,67,25.71,1,0,1
500628,65.58,15.9,21.2,617,68,23.16,0,0,0
500663,56.66,31.2,35.0,209,17,3.58,0,1,0
500257,56.23,28.8,43.3,279,20,8.19,1,0,0
501274,64.85,31.9,35.3,305,28,11.25,2,0,0
500886,30.42,2.1,5.3,87,12,0.0,2,1,0
500474,64.08,29.0,38.4,402,37,10.04,2,1,1
500766,60.41,31.0,34.4,371,45,17.48,1,0,0
502097,68.68,37.0,45.2,336,28,5.56,0,0,0
500955,64.82,35.3,32.1,324,42,16.42,0,0,0
500895,46.93,7.3,11.8,446,62,13.04,1,0,1
500297,46.32,11.7,2.4,204,0,0.0,1,0,1
500237,36.28,0.9,5.4,224,7,6.6,1,1,1
500753,70.21,25.0,33.1,474,56,18.7,3,1,1
501405,69.03,39.3,47.4,300,28,7.82,0,0,0
501449,58.47,23.1,22.8,293,37,8.1,3,1,0
501886,72.51,27.9,27.3,573,69,23.31,0,0,0
501320,52.47,22.9,16.1,267,22,9.38,1,1,0
501359,58.21,21.8,28.9,403,58,20.48,1,1,0
501784,36.47,11.1,19.3,106,11,1.83,1,1,1
501534,41.80,9.5,13.5,190,19,8.03,0,0,0
502188,45.74,14.5,24.5,275,12,10.0,3,1,0
502201,43.55,8.8,3.5,273,11,9.76,2,0,0
500292,65.81,25.6,41.0,396,39,11.62,0,1,0
500051,61.13,13.5,21.7,513,70,18.75,2,0,0
500798,71.71,24.5,17.3,575,56,23.49,1,0,0
501097,62.17,25.5,24.4,253,22,6.77,3,3,1
502165,64.72,,21.4,601,73,24.23,0,0,0
501868,61.74,21.7,37.6,409,37,13.7,0,2,0
501501,39.95,14.8,16.7,172,2,0.0,2,0,0
501255,34.17,5.7,15.7,45,0,0.0,1,0,0
500542,49.62,14.0,11.0,252,21,11.59,4,1,0
500637,61.31,4.6,11.1,659,67,27.14,1,1,0
500942,54.98,22.7,25.7,269,15,8.55,2,1,0
502192,€60.42,27.7,21.2,379,36,6.32,2,0,0
500533,35.47,7.9,11.3,282,19,0.0,1,1,0
501407,35.75,7.8,7.0,156,0,0.0,1,0,0
501441,43.71,2.1,0.0,349,25,6.73,1,0,0
501094,34.06,0.5,1.1,166,12,3.54,1,0,0
501411,33.33,9.2,10.2,98,1,1.39,1,0,0
500407,31.27,2.3,4.6,219,4,0.0,0,1,0
502056,36.11,0.5,7.2,331,26,5.66,0,0,0
502155,65.45,,40.4,373,35,14.0,0,2,0
501896,59.05,27.9,26.1,307,37,2.69,2,3,1
502041,57.55,12.3,18.0,480,66,20.14,1,1,0
501075,47.18,22.0,28.6,159,15,2.81,0,0,0
500597,67.22,24.3,16.7,455,57,19.3,1,0,1
500685,66.38,38.2,40.9,325,37,9.19,0,1,1
502011,38.65,2.3,14.5,145,8,2.33,1,1,0
500109,68.77,22.0,31.6,605,73,21.31,2,0,0
501362,71.05,39.6,31.8,276,22,7.46,2,2,1
501391,41.91,5.0,10.7,333,29,10.53,0,0,0
501396,60.21,17.6,21.5,563,69,20.31,1,0,0
500848,59.59,32.3,38.6,180,21,4.07,0,0,0
501757,55.91,13.0,18.0,533,51,23.19,0,0,0
500255,70.54,18.8,20.7,568,77,21.86,0,1,0
500678,77.37,36.5,49.4,564,61,23.5,1,0,1
502009,63.47,39.1,43.8,170,12,1.74,0,0,0
500397,29.37,4.9,11.2,10,3,2.72,0,0,0
501483,45.46,19.1,24.3,250,22,1.01,4,3,1
502032,47.66,6.3,9.8,418,43,8.23,1,0,0
501253,48.28,3.8,15.4,371,33,12.71,3,0,1
501378,54.44,13.0,16.4,494,60,15.46,0,0,0
500807,57.24,16.0,16.3,456,41,12.94,0,0,0
500058,68.80,39.0,36.5,265,17,6.43,2,0,0
500680,€27.92,0.5,9.9,170,15,1.67,1,1,0
501674,32.92,0.5,0.0,277,20,4.61,0,0,0
500693,58.20,14.8,16.7,425,43,21.62,1,0,0
500816,35.57,4.1,7.3,239,19,6.64,1,0,0
501219,59.50,28.9,23.7,314,12,2.59,2,2,0
501091,60.07,26.2,28.1,271,53,12.24,3,0,1
501104,67.57,25.8,34.5,444,37,16.38,3,1,0
500123,70.58,35.5,41.7,240,29,7.49,2,0,0
500353,33.94,5.3,12.0,215,12,8.88,1,0,0
501269,52.12,9.6,16.4,449,52,16.12,0,0,0
500154,35.37,5.5,11.0,51,5,2.82,1,0,0
501540,36.22,5.0,9.8,174,3,0.0,2,1,0
502225,27.91,8.1,7.2,124,0,4.89,1,2,0
500840,55.62,17.2,15.7,491,45,12.23,1,0,0
501268,57.87,,29.4,343,29,11.63,1,0,0
500532,61.60,27.0,35.1,330,23,7.85,1,0,0
501280,52.16,9.6,20.5,491,48,18.55,2,1,0
500023,64.81,13.9,9.5,625,72,25.56,1,0,0
500413,48.01,8.4,4.2,439,54,12.0,5,0,1
500262,44.49,18.1,22.2,246,21,8.1,0,1,0
500712,51.94,16.5,16.2,259,24,6.48,3,0,0
500395,64.64,21.5,22.7,503,52,23.68,2,1,0
502115,50.58,13.8,20.8,411,34,14.93,5,0,0
501565,32.53,2.0,1.9,221,26,5.63,0,0,0
500188,43.56,10.6,5.7,249,19,7.75,0,0,0
500045,42.88,6.5,9.7,318,38,6.29,2,1,0
500481,43.26,9.3,9.8,342,30,2.44,0,0,0
500865,61.58,14.3,20.5,566,74,25.98,2,0,0
500825,45.55,6.0,0.0,387,33,8.5,0,0,0
500347,52.57,23.6,31.1,254,19,8.28,1,0,0
501180,44.88,3.9,8.5,390,24,10.24,0,0,0
502034,65.92,,16.2,657,71,23.25,1,0,0
500371,67.55,34.5,45.1,298,18,6.22,1,0,0
501055,41.57,17.0,18.0,95,0,0.0,1,1,0
502362,€69.19,28.6,33.1,403,37,9.94,0,0,0
501871,60.89,15.8,20.9,519,56,18.27,3,1,1
501876,40.98,7.0,6.7,274,18,9.63,0,0,0
500974,34.92,7.0,14.7,142,3,0.0,1,0,0
502076,71.43,12.9,18.3,766,87,27.62,2,0,0
502019,62.30,25.0,30.7,364,46,12.15,0,0,0
501366,45.70,22.7,22.3,191,8,0.74,1,0,0
500322,53.74,21.4,28.5,381,31,13.6,3,2,1
500336,72.51,41.9,55.9,242,29,13.28,0,0,0
500520,35.83,11.2,20.7,87,0,0.0,1,1,0
500674,53.38,21.8,34.6,211,43,0.0,1,0,0
500352,55.32,13.5,23.2,487,52,16.18,0,0,0
501619,45.58,9.4,6.6,211,20,8.55,3,1,0
500845,64.89,21.6,38.7,575,72,24.7,3,1,0
501326,58.21,28.7,36.2,240,9,7.08,0,0,0
500695,58.98,18.2,21.6,530,53,20.9,1,0,0
502110,67.48,11.8,18.5,589,52,24.44,0,0,0
501694,36.62,5.0,4.0,208,31,7.21,0,0,0
501881,60.83,31.2,41.2,230,15,6.53,0,1,0
501016,56.05,27.7,43.0,163,22,4.98,1,1,0
502371,66.41,32.2,47.6,428,58,26.91,2,0,1
501250,58.97,16.3,23.8,493,46,21.52,2,1,0
500785,45.29,13.0,16.6,188,22,7.1,3,2,1
501526,77.64,32.8,34.6,565,63,15.21,0,0,0
500068,66.13,35.5,39.0,333,33,6.95,0,1,0
502174,57.95,16.0,19.8,466,42,14.16,1,0,0
500946,38.68,7.0,2.2,201,0,0.0,0,0,0
501980,38.96,11.6,10.5,98,15,0.0,0,0,0
500743,52.01,7.3,17.9,516,59,16.64,2,2,0
502283,53.19,25.0,22.0,226,29,7.18,3,1,0
500654,€53.98,21.5,27.7,223,35,3.66,0,0,0
500238,70.73,17.4,19.5,689,80,21.39,0,1,0
500821,33.23,2.8,2.6,41,0,0.0,1,2,0
501323,38.24,0.5,0.0,259,16,5.88,1,1,0
500656,33.95,1.9,0.0,284,15,11.26,1,0,0
500425,28.04,3.8,,169,3,2.52,1,0,0
502221,46.81,11.5,17.9,171,8,0.0,2,1,0
501684,43.29,9.4,27.3,187,9,0.0,2,0,0
501840,72.90,39.6,41.9,466,48,14.81,0,0,0
502223,59.01,17.4,21.2,549,55,14.41,2,0,1
501152,€65.61,14.2,14.1,659,72,25.82,0,0,0
500549,69.82,34.7,36.4,280,25,6.73,2,1,0
501329,56.37,33.1,37.4,276,41,10.78,1,0,0
502327,35.09,5.9,11.6,51,5,0.0,1,0,1
500203,32.85,4.6,0.0,82,0,4.21,0,1,1
501311,39.95,15.3,26.6,172,16,5.79,1,0,0
501520,42.33,8.1,12.9,302,27,6.46,0,0,0
500320,40.13,11.6,13.5,188,3,1.63,2,0,0
501932,51.07,24.1,35.6,267,15,0.0,1,1,0
500313,66.91,30.9,39.0,364,43,13.73,2,0,1
501959,32.14,1.6,15.9,80,6,0.88,0,2,0
500954,60.92,24.0,31.3,379,49,13.21,1,0,1
501324,52.55,11.3,8.0,542,63,18.59,0,0,0
500132,49.81,0.5,1.7,453,49,16.79,2,0,0
500402,40.79,9.3,17.9,220,22,12.4,2,2,0
502300,36.77,17.0,15.9,73,0,0.0,2,0,0
501948,32.23,0.5,0.0,274,16,0.0,1,2,0
500333,66.07,35.9,39.3,323,24,9.42,1,1,0
500194,64.56,30.1,39.9,280,23,11.08,0,0,0
500734,42.44,16.5,23.5,150,22,7.43,0,1,0
501187,57.20,21.5,21.9,341,41,14.47,3,2,1
501872,55.81,14.1,7.7,437,39,7.0,2,0,0
501733,€38.08,,4.1,220,16,8.65,0,0,1
500314,77.08,31.3,32.0,470,56,20.43,1,0,1
501078,36.19,8.0,21.9,123,0,0.0,1,0,0
501346,64.18,36.1,42.6,257,18,8.68,0,1,0
501741,59.29,16.8,25.7,439,51,10.74,2,4,1
501413,27.53,5.6,3.5,22,0,0.0,0,0,0
501007,68.17,33.2,39.6,389,42,11.45,4,1,0
501758,62.40,33.1,44.9,329,29,9.38,0,0,0
500934,53.91,11.3,16.8,499,58,16.85,4,0,1
501507,65.08,21.4,24.0,500,66,23.12,1,2,0
500503,71.35,31.2,34.3,455,59,17.54,3,2,1
501312,48.33,11.1,12.5,419,50,12.1,6,0,0
501046,61.72,37.1,41.2,81,0,0.0,1,0,0
500880,53.29,20.8,16.8,264,14,8.36,1,2,0
500391,61.13,17.7,13.0,578,75,24.84,3,0,0
502058,32.07,7.5,4.6,23,0,0.0,0,0,0
500664,35.96,1.7,9.8,137,26,2.57,2,0,0
500590,64.75,37.5,36.5,271,30,6.04,0,0,0
500405,34.07,10.4,7.5,114,0,0.0,1,0,0
502359,60.93,10.2,14.5,468,57,22.44,0,0,0
500960,25.57,3.1,7.5,68,0,0.0,1,1,0
501693,28.17,1.6,4.0,89,0,0.0,0,1,0
500692,52.68,,11.9,399,29,14.27,0,0,0
500527,56.11,15.4,12.7,402,52,11.82,4,1,1
502253,65.74,19.4,24.1,555,53,28.16,2,0,0
500736,56.45,33.7,41.2,243,18,5.49,1,1,0
500540,59.86,18.2,23.6,367,46,15.1,1,1,0
500775,39.50,6.7,14.2,303,34,13.22,0,0,0
501647,43.22,16.1,19.4,213,3,1.06,0,0,1
500164,48.31,7.8,13.3,360,45,15.94,0,1,0
501350,21.52,0.5,0.0,112,0,0.0,2,0,0
502186,68.39,34.0,39.1,313,35,10.44,2,0,0
501531,67.22,27.8,35.1,400,33,15.38,1,0,1
501117,35.04,8.7,17.3,99,0,0.0,1,1,0
500950,40.96,18.0,20.8,118,8,0.0,0,0,0
501053,55.36,23.9,19.1,232,15,7.75,2,0,1
501382,69.47,25.1,34.6,452,63,19.95,1,0,0
502016,40.84,16.7,20.4,131,0,1.58,1,1,0
501453,67.23,37.2,42.7,226,8,13.54,1,0,1
501087,34.67,2.9,1.3,280,31,6.95,0,0,0
501993,73.39,43.5,51.9,308,15,2.86,0,1,0
501290,27.32,0.5,6.5,186,5,3.85,0,1,0
502208,63.65,33.6,36.8,328,22,1.99,0,0,0
501945,40.14,6.7,16.1,133,0,0.0,1,0,1
501968,23.72,0.5,7.4,88,0,0.0,0,0,0
500022,51.77,24.9,33.7,239,26,2.74,2,0,0
500577,58.85,34.3,42.7,225,8,6.02,2,0,0
502096,58.36,20.3,28.6,325,37,11.37,3,0,1
501470,43.66,8.0,1.1,280,23,4.73,0,0,0
501173,50.36,24.0,25.5,158,11,0.97,2,3,0
501576,20.60,0.5,3.8,131,0,0.0,1,1,0
501960,65.50,17.8,29.5,592,61,14.99,0,0,0
501607,56.84,22.7,34.2,228,11,4.07,2,1,0
500665,41.86,16.3,20.1,145,18,7.68,4,1,0
500708,56.86,23.5,42.6,290,18,10.85,2,0,1
501898,72.89,43.0,50.0,246,16,4.05,0,0,0
501604,55.05,26.6,35.2,266,32,10.22,2,1,1
500489,59.53,26.2,37.9,159,23,5.34,2,1,0
500035,58.63,23.9,29.1,386,26,10.21,4,0,1
501892,46.11,6.1,19.9,357,22,0.38,1,0,0
501832,61.59,8.7,10.9,571,61,20.12,0,0,1
501148,71.59,37.0,,350,38,15.06,2,2,0
501422,€52.81,21.0,21.4,347,52,17.05,2,0,0
501063,54.78,10.4,18.6,454,60,17.37,0,0,0
500049,58.38,16.8,16.5,541,49,17.89,1,1,1
501476,57.67,32.0,35.0,246,16,3.58,1,0,1
501212,56.76,23.5,30.2,312,36,12.27,8,0,1
500031,32.06,6.6,7.7,120,3,0.0,0,0,0
501611,57.52,20.0,18.0,323,35,10.23,5,2,1
501019,55.14,20.0,16.2,401,45,14.67,0,1,0
501944,47.55,2.0,,479,63,20.9,1,1,0
501191,61.56,36.9,45.1,199,10,0.0,1,3,0
502066,44.25,7.4,8.6,197,11,5.17,3,0,0
501864,23.32,0.5,0.0,48,0,0.0,0,0,0
502135,60.41,23.6,26.4,391,25,6.28,1,3,1
502213,62.56,32.8,37.7,274,16,5.77,2,0,0
501199,38.44,3.4,10.5,236,12,11.52,2,0,0
501284,57.02,32.1,37.1,78,22,2.89,3,0,0
500518,69.04,29.1,27.0,403,46,20.63,0,0,0
501874,60.59,13.2,,520,64,22.75,0,0,0
501196,70.49,24.0,26.7,526,57,24.55,1,1,0
500538,20.46,0.5,0.0,32,0,0.0,0,0,0
501880,76.10,24.0,32.4,555,74,24.51,0,1,0
501812,65.44,15.2,25.6,505,47,24.64,1,0,0
502128,60.14,,20.3,567,57,25.31,1,0,0
500936,52.93,14.0,22.0,412,39,13.2,0,0,0
500509,63.60,25.4,36.1,483,50,20.54,1,1,0
500440,63.34,30.5,39.2,348,18,7.62,2,1,0
501010,47.85,7.0,10.7,255,23,4.14,1,1,0
502292,27.26,0.7,2.1,131,8,3.18,2,1,0
502241,60.74,26.6,32.3,369,37,15.4,1,0,0
500373,48.96,14.9,20.9,239,34,9.91,4,3,1
501090,47.90,7.9,12.2,460,46,13.47,0,0,0
501092,70.45,37.0,34.8,430,41,12.98,1,0,0
500265,67.11,19.4,20.5,516,60,21.77,1,0,0
500564,52.68,11.9,15.6,518,65,13.17,2,0,0
500580,61.19,13.7,12.7,573,52,19.42,1,0,0
502340,37.33,4.7,10.2,269,35,4.45,1,0,0
500607,68.79,31.4,41.7,331,46,6.75,3,2,1
502140,42.57,9.3,13.5,180,4,0.0,2,0,0
502060,77.09,41.6,34.9,420,36,13.97,2,0,1
500427,28.30,0.5,5.4,19,0,0.0,0,0,0
501318,53.06,19.3,20.8,271,39,10.4,4,0,0
501260,67.14,39.1,40.9,154,2,2.79,3,0,0
501246,58.50,27.0,27.7,271,8,4.25,6,0,1
501464,55.13,26.5,35.9,298,23,9.5,1,0,0
501830,36.82,0.5,4.1,274,16,7.02,1,0,0
501482,44.19,12.4,13.7,211,28,4.02,0,0,0
500281,58.88,8.8,23.0,575,72,27.31,2,0,0
500717,54.01,18.2,29.8,453,51,18.44,0,0,0
500461,69.77,31.3,34.6,344,38,17.49,3,0,0
500116,€29.48,0.6,0.0,248,16,7.93,0,0,0
500073,70.35,32.8,36.6,501,56,17.33,0,0,0
502047,52.39,9.5,11.4,425,36,9.82,1,0,0
502361,36.18,,16.8,123,2,0.0,0,0,0
502082,44.28,2.3,1.6,286,34,7.14,1,0,0
501843,57.01,12.4,19.3,471,73,18.88,2,0,0
500932,66.75,11.0,4.0,643,76,24.43,0,1,0
500459,43.95,0.5,0.0,337,46,15.58,0,0,1
502107,43.24,9.2,14.2,290,36,13.12,0,1,0
501530,54.99,27.1,34.5,309,10,5.35,3,0,1
501581,64.55,12.0,20.6,544,36,18.92,3,0,0
500751,70.68,25.9,26.6,605,45,25.29,1,1,1
501671,33.81,4.2,1.5,222,20,3.97,1,0,1
500107,61.40,10.2,16.8,448,45,16.28,1,0,0
501875,68.78,42.9,50.5,172,9,0.0,2,0,0
502265,45.02,16.7,16.2,67,0,3.93,1,0,0
502318,58.75,31.5,37.2,293,29,8.23,0,1,0
500245,53.46,17.1,19.4,277,11,8.88,0,0,0
502007,68.72,25.5,34.1,318,46,12.02,0,1,0
501585,53.60,24.7,36.8,305,33,10.72,4,2,1
501635,31.43,2.0,0.0,10,0,0.0,0,0,0
500098,61.89,23.5,32.1,438,48,15.8,3,1,1
501204,62.94,22.7,18.6,585,72,24.05,0,0,0
500086,53.02,12.3,14.4,456,53,20.76,0,0,0
501736,60.56,14.4,12.0,622,59,23.06,0,0,0
500011,61.80,21.2,34.7,416,67,19.72,3,0,0
500891,63.92,39.4,37.8,219,11,3.86,3,0,0
501355,45.19,11.9,9.4,320,17,2.47,0,1,0
500786,50.56,0.5,1.1,650,74,21.03,1,0,0
501401,57.02,16.9,12.9,392,42,17.23,1,0,0
500282,34.40,0.5,0.0,261,23,7.24,0,0,0
501424,63.71,19.4,29.7,395,29,12.02,2,0,1
501608,49.40,8.4,6.2,367,38,17.65,5,0,0
501388,65.30,26.7,28.7,494,58,20.87,0,1,0
500090,50.68,17.6,20.4,251,16,4.86,4,1,1
500092,41.57,17.9,31.3,176,24,0.0,0,0,0
500286,60.10,19.7,28.2,363,59,15.25,6,2,0
501924,29.73,4.6,9.1,117,0,0.0,1,0,0
501500,67.82,9.5,12.1,708,75,30.4,1,0,0
501841,72.65,32.4,37.5,337,31,12.5,0,0,0
501340,37.33,4.5,12.4,339,36,10.99,1,0,0
501442,46.05,1.3,3.3,363,56,13.36,0,0,1
501006,40.39,0.5,7.1,209,10,10.05,2,0,0
500372,59.13,22.2,30.4,338,27,15.64,1,1,0
502090,67.24,39.2,50.8,176,13,7.51,2,0,0
500688,59.64,43.8,47.1,28,0,0.0,0,0,0
502045,63.74,40.6,49.1,234,9,5.01,1,0,0
501012,41.55,9.5,7.0,182,4,1.5,0,0,0
501203,61.34,20.1,19.9,451,47,10.67,1,0,0
501777,71.25,21.5,15.1,552,65,18.08,1,0,0
501358,€56.21,25.3,24.2,357,27,6.16,0,0,0
500096,48.72,3.5,13.0,479,56,16.14,0,0,0
501302,41.98,5.6,9.3,303,4,2.51,4,1,0
500170,59.84,31.7,40.0,301,26,9.1,1,1,1
500504,38.80,13.6,15.1,10,2,0.0,1,0,0
501767,39.37,8.5,13.4,213,0,7.97,0,0,0
500726,55.74,11.7,13.8,443,56,17.67,1,0,0
501555,71.58,36.8,49.3,302,31,12.59,0,0,0
500338,57.80,35.0,41.4,181,7,0.0,0,1,1
500222,66.10,40.0,40.8,283,28,7.77,0,1,0
501553,€36.63,5.7,21.8,324,20,6.44,1,0,0
500539,64.82,17.9,20.9,466,60,19.53,1,0,0
501882,30.40,4.2,13.7,190,0,0.44,1,0,0
501999,33.77,4.9,6.0,96,0,0.0,0,1,0
500312,50.99,18.6,26.5,308,30,14.04,5,2,1
501667,69.36,29.9,48.0,339,34,11.93,3,1,1
500199,44.10,16.2,8.5,173,0,0.0,0,0,0
501178,59.71,26.7,39.4,314,34,14.17,2,0,0
501634,30.50,5.2,15.7,221,22,8.44,0,1,0
501160,54.92,25.6,32.0,236,10,2.28,1,0,0
500502,27.98,0.5,2.3,86,11,5.84,1,0,0
500113,71.61,21.1,29.0,519,45,18.13,1,1,0
501122,49.74,19.8,11.1,233,20,16.01,1,0,0
501285,61.29,10.2,23.9,621,91,32.57,2,1,0
500376,36.16,0.5,3.6,260,30,11.94,2,1,0
500806,72.54,34.5,46.7,459,43,18.91,1,1,1
500940,61.47,27.9,37.3,316,14,8.14,0,0,0
501833,71.13,28.9,33.8,382,37,16.18,0,1,0
500404,31.87,8.5,0.0,43,0,0.0,0,2,0
501192,58.94,30.6,28.2,198,6,4.26,2,1,0
501229,67.65,18.1,26.2,545,59,18.91,5,0,1
500810,62.01,22.0,19.5,325,42,16.35,3,1,0
501314,46.57,16.5,22.4,187,1,1.46,1,0,0
501076,40.21,10.5,8.5,114,12,0.0,0,1,0
500426,31.45,6.0,9.4,10,0,0.0,0,0,0
500382,52.83,24.8,33.0,199,7,3.98,3,0,0
500478,56.33,25.0,34.1,315,24,3.58,3,0,0
501557,40.14,10.4,7.4,206,18,5.42,1,0,0
502388,72.57,44.7,48.1,286,17,6.45,1,1,0
501779,64.46,11.2,22.8,581,56,24.1,1,0,0
500811,25.29,3.7,0.4,208,4,0.0,1,2,0
502078,65.42,35.6,49.7,309,17,1.55,2,1,0
501502,72.14,30.3,39.0,479,38,10.44,2,0,1
500546,65.64,45.2,,264,22,3.33,0,1,0
500997,63.40,13.5,28.8,560,54,20.04,1,0,0
500488,61.80,33.0,38.9,282,31,8.2,1,1,0
501495,31.19,0.5,0.0,251,11,0.0,0,0,0
500227,€69.64,36.8,42.8,302,22,10.26,0,0,0
500684,71.73,25.0,28.4,557,60,20.64,0,0,0
501409,70.64,35.2,41.8,383,33,8.76,1,0,0
501008,45.42,10.2,9.2,205,0,9.38,1,0,0
500588,65.34,23.1,22.0,448,46,14.52,7,1,1
501059,44.77,9.1,7.2,194,10,1.89,0,0,0
500079,33.01,7.8,15.1,36,0,0.0,0,0,0
501776,45.98,14.3,23.2,221,20,3.06,1,0,0
500839,57.25,14.1,16.2,574,65,20.4,1,0,0
500128,69.40,,19.7,606,67,29.49,0,0,0
501266,57.47,32.4,32.8,316,39,9.6,1,0,0
501979,53.99,8.0,14.3,433,38,9.72,1,0,0
502224,43.92,10.0,3.5,211,15,9.72,1,1,0
501612,62.37,19.2,19.2,356,22,10.3,0,0,0
500584,52.42,13.7,17.3,515,35,9.1,0,0,0
501591,70.30,36.7,45.6,391,34,10.48,1,1,1
500630,55.26,28.8,33.1,335,25,6.61,0,0,0
500780,71.23,27.8,33.9,424,49,20.09,2,1,0
501243,64.13,34.9,41.2,356,24,4.34,1,0,0
501356,57.02,22.6,25.5,288,37,19.41,0,0,0
500671,52.52,18.8,26.4,163,11,3.73,3,2,0
502290,46.41,19.9,30.3,145,10,0.51,1,0,1
502319,44.74,11.9,15.6,243,10,3.94,1,2,0
501533,71.14,24.8,19.5,469,49,19.32,2,0,0
502392,92.34,49.9,61.0,542,50,21.44,0,1,0
502236,43.99,7.9,14.8,177,29,4.21,0,0,0
500264,64.42,20.1,22.6,554,56,16.47,0,0,1
500288,66.96,27.3,35.9,384,49,17.93,3,1,1
501630,58.92,23.5,33.4,334,16,5.8,1,1,0
501198,30.11,0.6,8.8,177,2,0.0,1,0,0
501992,29.88,9.4,10.5,10,0,0.0,3,0,1
500463,68.83,25.2,28.7,379,37,12.66,1,0,1
500442,69.61,45.8,43.4,247,28,5.85,0,0,0
500306,47.02,0.5,15.7,374,41,8.4,1,0,0
501780,31.98,1.0,6.1,200,5,1.75,2,0,0
502301,41.45,11.0,10.5,36,0,0.0,1,0,0
501951,€39.44,10.5,15.4,246,37,7.9,2,0,0
500446,24.25,0.5,0.0,117,0,0.0,1,1,0
502043,59.37,32.2,33.6,200,22,5.68,3,0,0
501642,22.61,0.5,2.3,75,0,0.19,0,0,0
500299,66.80,33.1,38.4,288,39,11.14,2,0,0
501855,32.71,9.8,13.3,43,0,0.0,2,0,0
500284,56.33,13.1,21.4,507,35,11.85,1,0,0
500667,38.43,12.7,17.3,214,10,0.0,1,0,0
501072,65.07,23.0,27.5,459,56,17.24,3,1,0
500744,40.84,8.9,16.7,255,17,1.85,1,0,0
500561,54.67,21.4,21.5,213,19,0.79,2,1,0
502161,71.57,33.5,42.1,401,35,13.91,1,0,1
502342,60.64,9.7,10.5,629,73,32.75,0,2,0
501918,48.18,4.4,10.9,328,28,17.16,0,0,0
501205,42.29,6.6,7.1,320,30,7.78,0,1,0
501542,56.41,29.5,,198,11,1.42,1,0,0
502014,33.06,0.5,0.0,217,9,0.47,0,0,0
501372,69.22,11.9,13.8,724,79,28.01,0,1,1
501712,€67.02,40.0,51.6,253,32,6.0,1,0,0
500788,48.54,18.3,26.1,369,41,15.18,2,0,1
500434,61.43,17.5,20.8,323,22,8.64,2,0,1
501804,61.44,28.4,36.6,244,21,4.57,5,2,0
501200,€21.69,0.5,0.0,58,0,0.0,1,0,0
502216,46.68,23.6,25.3,90,5,0.0,0,0,0
500878,66.29,29.6,31.0,520,43,14.85,1,1,0
501727,58.46,32.5,,205,4,0.28,1,1,0
501810,32.98,9.1,15.1,91,0,1.36,2,1,0
501259,60.97,29.7,35.3,296,30,8.97,1,1,0
500914,65.97,35.6,39.6,304,28,13.86,0,0,0
501544,51.74,18.9,22.0,388,36,10.4,2,0,0
500610,49.11,13.0,16.3,384,50,10.51,2,0,0
501307,54.07,23.9,29.5,221,43,11.95,1,0,1
500220,29.89,0.5,2.7,257,5,3.74,1,0,0
500216,30.36,0.5,0.0,183,2,2.51,2,0,0
500037,62.84,42.3,49.8,114,11,2.51,0,0,0
500374,74.46,39.4,39.1,486,53,14.84,1,0,0
500014,67.84,17.9,33.9,568,68,24.74,1,0,0
500484,60.80,31.6,45.9,192,34,5.25,0,1,0
501738,59.94,26.6,28.2,345,35,14.26,2,1,1
501098,48.39,7.8,10.3,407,31,10.08,1,0,0
502335,52.67,23.3,38.6,272,24,11.09,0,1,1
501650,62.90,27.7,26.2,305,25,6.78,1,1,1
500015,68.63,33.3,,322,25,5.06,0,0,0
502130,32.30,5.8,19.2,155,5,0.0,1,1,0
501037,40.80,1.5,2.5,281,11,6.65,0,1,0
500978,45.52,12.2,11.1,210,14,7.75,1,1,0
500616,63.07,17.9,18.3,455,66,21.72,1,1,0
502080,63.94,23.1,33.5,378,50,16.43,1,1,1
500443,61.21,15.2,23.3,631,59,27.65,1,0,0
500019,35.82,5.3,14.1,146,12,3.04,1,1,0
501800,68.98,35.3,36.1,350,35,7.05,2,1,1
501821,53.64,9.8,5.0,531,75,16.44,1,1,1
502274,39.69,0.5,0.4,368,33,9.96,0,1,1
501128,69.85,32.3,37.5,353,16,11.58,0,2,0
501972,61.25,31.3,34.4,203,21,6.92,0,0,0
500351,27.16,0.5,0.0,104,4,1.8,1,0,0
502282,63.22,38.6,43.3,153,21,9.12,2,0,0
501735,54.06,28.9,40.7,116,0,0.0,1,0,0
500034,58.26,23.8,27.0,439,52,14.82,0,1,0
500379,43.38,14.7,11.2,164,0,0.0,1,0,0
500669,61.10,21.5,37.7,427,50,16.8,3,0,0
502239,34.29,10.3,14.3,10,0,0.0,1,1,0
501100,33.24,4.9,9.7,169,5,0.0,0,1,0
502357,57.72,26.2,23.6,259,23,16.34,5,1,1
502267,59.19,19.7,23.5,425,39,11.28,7,0,1
501332,65.81,16.8,18.5,688,62,23.3,3,4,1
500873,66.76,15.9,20.2,603,66,21.01,2,0,0
501623,37.47,4.5,3.9,233,20,8.28,1,0,0
500046,70.80,24.2,33.7,470,59,15.55,1,0,0
501550,42.43,15.3,14.9,123,6,0.0,3,0,0
502390,43.70,11.5,13.7,172,0,1.58,1,0,0
500497,46.63,17.2,22.6,356,29,7.36,1,2,1
500511,73.35,37.9,42.2,317,17,10.41,1,0,0
502279,50.95,17.3,23.5,303,45,5.86,1,2,0
500136,58.56,19.7,22.9,423,49,21.36,0,0,0
502127,40.41,8.3,7.2,268,21,0.0,2,1,0
500702,35.26,0.5,1.1,178,24,5.27,1,1,0
502093,46.79,3.8,7.8,464,73,22.46,1,0,0
502167,41.12,0.5,2.7,344,21,11.4,1,1,0
500988,66.45,21.0,26.8,571,48,18.18,2,0,0
599009,29.17,15.6,27.9,224,56,19.87,3,0,1
500789,46.14,8.7,9.1,356,28,11.38,0,0,0
500801,60.04,11.1,21.5,590,81,22.86,0,1,0
500370,28.59,4.6,14.1,121,0,0.0,0,0,0
500808,63.39,25.5,27.4,379,56,19.8,3,0,1
501955,41.78,15.2,24.3,207,18,6.24,2,1,0
501645,37.76,5.1,8.1,121,0,3.43,1,1,0
501292,35.91,0.5,0.4,220,18,3.86,1,0,0
500953,32.78,3.0,1.1,121,0,0.0,1,1,0
501521,33.24,14.1,18.7,165,8,0.0,0,1,0
500658,60.96,20.8,21.7,420,45,16.23,2,1,1
501017,55.50,8.8,0.6,455,50,19.59,2,0,0
502129,38.10,12.0,9.8,213,28,0.0,1,0,0
501186,55.27,30.5,28.3,197,12,6.22,1,0,1
500491,69.37,37.6,45.2,297,30,8.19,1,0,0
501828,71.04,39.4,58.2,382,25,13.79,0,3,0
500054,77.23,37.1,43.4,416,41,17.64,0,1,0
500246,32.39,2.1,5.0,191,21,9.98,2,1,0
502102,70.01,32.9,44.0,339,44,13.17,1,1,0
502004,63.40,30.1,28.5,423,45,13.51,1,0,0
501216,38.07,15.1,14.4,23,0,0.0,1,0,0
500750,42.60,13.0,17.6,154,10,2.46,1,1,0
502187,70.45,21.8,31.7,502,44,14.29,0,0,0
501315,68.59,26.5,27.1,438,49,19.0,0,1,0
501033,34.11,5.6,1.2,231,22,10.61,0,0,0
502111,45.83,8.5,,382,32,10.85,0,1,1
500849,55.65,25.0,23.1,244,19,7.67,4,1,1
502143,57.90,15.6,11.7,426,39,16.1,1,0,1
501762,57.03,18.9,21.8,329,27,10.05,1,1,0
500375,41.49,13.8,22.1,203,7,1.41,7,0,1
500273,60.94,17.8,23.4,320,31,12.33,1,0,0
500740,36.65,0.5,0.0,319,39,9.24,0,1,0
501535,48.61,29.1,41.0,22,7,0.0,2,0,0
501047,59.12,22.4,21.1,374,32,7.47,1,0,0
501730,71.13,,28.1,643,79,24.59,3,0,0
500302,44.70,13.2,18.9,180,5,7.98,3,1,0
501866,45.04,13.2,21.5,300,28,4.5,0,2,0
500634,60.59,24.6,26.6,396,37,19.24,0,0,0
500283,33.68,6.7,1.6,113,4,3.76,1,1,1
500505,33.39,0.5,0.0,273,16,9.46,1,0,0
500492,70.63,30.4,44.1,321,32,9.88,0,0,0
501536,€44.29,8.8,4.4,201,21,4.99,0,0,0
500185,25.23,0.5,7.8,44,0,0.0,0,0,0
500984,42.41,10.9,11.9,55,0,0.05,1,0,0
501869,72.47,35.4,45.1,443,55,9.16,0,0,0
502243,66.72,34.3,47.2,288,43,11.24,0,1,0
500696,58.44,23.4,29.3,291,38,8.17,6,1,1
501786,73.55,20.5,17.1,587,89,29.23,0,0,0
502393,58.85,19.1,22.1,351,27,7.34,3,1,0
502103,48.68,21.1,34.6,222,27,6.02,1,2,0
501194,29.79,0.5,0.0,258,16,3.6,1,0,0
502069,26.69,4.6,6.0,119,0,0.87,3,1,0
500767,40.04,13.5,7.9,148,0,1.58,0,0,0
500516,49.35,10.5,13.0,418,42,13.86,2,3,0
502000,55.46,18.8,17.8,236,29,9.99,9,3,1
501454,36.86,4.7,2.2,123,21,6.39,0,0,1
501461,60.57,30.3,,340,19,11.26,0,1,0
500144,60.38,20.9,38.4,453,38,15.39,0,2,0
500877,31.86,4.3,7.7,216,9,0.0,1,0,0
502250,62.86,10.2,15.3,674,75,31.32,0,0,0
502341,34.23,2.2,12.8,100,3,0.31,0,0,0
501024,73.95,43.3,51.9,306,10,10.0,2,0,0
500861,56.99,11.3,15.8,513,58,17.45,1,0,0
502013,44.24,7.4,5.7,316,14,4.98,1,0,0
500900,73.22,34.7,35.1,505,64,17.68,0,0,0
500120,66.03,34.3,42.1,390,26,14.32,2,0,0
502180,72.43,38.9,47.1,270,19,14.08,0,0,0
500553,67.62,32.7,34.6,395,32,18.07,0,0,0
501807,57.11,27.1,29.3,291,35,7.69,3,1,1
502232,41.44,9.3,3.8,194,0,0.0,1,0,0
501995,35.04,0.5,0.0,177,20,4.71,0,0,0
502251,70.65,19.4,22.6,631,57,24.24,2,0,0
502002,63.82,27.4,20.4,383,48,15.34,1,3,1
501412,52.65,20.0,26.2,286,23,7.82,1,0,0
500280,59.74,36.6,34.9,306,34,7.53,1,1,0
500716,52.68,24.7,19.6,200,16,3.26,1,0,1
501038,57.21,13.6,22.8,408,41,11.8,2,0,0
501606,64.31,24.3,39.4,506,58,21.09,1,0,0
501580,42.49,5.6,5.1,263,13,2.7,0,1,0
501760,56.66,34.3,30.6,121,0,1.36,3,1,0
500390,39.40,0.6,5.3,281,26,10.38,1,2,1
501445,56.26,13.5,17.8,375,40,14.07,1,0,0
501847,64.46,30.1,32.8,278,12,9.74,0,1,0
500179,54.62,12.1,17.1,511,45,16.12,2,1,0
501375,56.99,35.1,36.5,180,19,0.0,1,0,0
500843,31.58,3.5,8.3,124,0,0.67,4,0,0
501660,43.50,4.0,13.2,280,33,6.27,2,0,0
501651,38.07,15.2,31.1,149,0,0.3,1,0,0
500631,40.69,13.4,17.2,213,19,0.0,0,0,0
500871,69.36,28.3,27.7,532,65,23.14,1,0,0
500652,47.92,17.2,15.9,214,14,3.04,0,1,0
502325,55.80,23.3,27.8,191,20,8.57,2,0,0
500847,64.56,38.4,55.2,213,40,6.73,1,0,0
501514,73.90,38.1,54.2,352,35,15.19,1,1,0
500344,65.09,24.5,30.6,615,68,20.77,1,0,1
501463,62.66,16.6,15.5,524,70,19.31,0,0,0
501983,57.50,,29.1,225,34,6.81,1,0,0
501702,60.61,28.6,34.1,211,11,15.0,2,0,0
501157,49.53,9.0,7.1,386,24,12.93,0,2,0
501723,68.49,26.8,35.9,388,49,18.07,2,0,0
501756,75.89,33.6,47.3,460,53,16.69,3,1,0
500802,56.80,16.6,20.8,485,43,15.55,0,0,0
502323,42.89,8.4,19.5,200,18,12.03,1,0,0
500982,66.38,20.3,23.0,561,69,18.98,1,1,0
501685,27.10,3.9,10.5,85,5,1.6,2,0,0
501706,43.57,12.1,14.3,201,7,0.4,1,0,0
501916,34.59,4.1,7.9,165,14,0.0,5,0,1
